cycle_1_lane	cycle_2_lane	cycle_3_lane	log10_K	survival_rate
0	0	0	2.9804846339767646	8.713825601731151e-10
0	0	1	3.1630763170749683	3.07138107231537e-09
0	0	2	2.4907274811372044	2.9633244295075413e-11
0	0	3	3.6893466480404533	1.1526138109695544e-07
0	0	4	2.34503113989621	1.0834405613510011e-11
0	0	5	2.741624583694966	1.6755418441954142e-10
0	0	6	2.7585457750525944	1.883173414511817e-10
0	0	7	4.079579765778368	1.6717971356499715e-06
0	0	8	3.368064288897965	1.2622800994981574e-08
0	0	9	2.1721995291913188	3.2840133423297777e-12
0	0	10	2.3579938015495294	1.1849072063343125e-11
0	0	11	2.113629485245819	2.191387672599363e-12
0	0	12	2.899226930549844	4.973339701001903e-10
0	0	13	3.359001178080776	1.1858480813924987e-08
0	0	14	3.2249561795727537	4.70634009029899e-09
0	0	15	2.352854276330093	1.143587130966853e-11
0	0	16	3.3646485855673696	1.2329128842581088e-08
0	0	17	2.7280856641761413	1.526021197251943e-10
0	0	18	2.6710877123170453	1.0295616271240635e-10
0	0	19	2.5781733162088485	5.4203431119398915e-11
0	0	20	2.493851785020917	3.027953504261504e-11
0	1	0	2.9838442700623355	8.918218486182866e-10
0	1	1	3.8000924531328906	2.4664982244438593e-07
0	1	2	3.3926771279040357	1.4956066103132303e-08
0	1	3	2.0996751303713825	1.990038601985237e-12
0	1	4	4.070219477502434	1.5683119966820921e-06
0	1	5	4.182404136355037	3.3692434092528335e-06
0	1	6	2.165722415943705	3.1403383293869715e-12
0	1	7	4.351764706394386	1.062506848142339e-05
0	1	8	2.4546180911174975	2.3093151156854205e-11
0	1	9	2.6721069504498853	1.0368325603302739e-10
0	1	10	2.7284260098539037	1.5296112089336104e-10
0	1	11	4.7127610469039585	0.000118226549837422
0	1	12	3.3797285115400317	1.3679361481580058e-08
0	1	13	2.3660268677663034	1.2525007488271766e-11
0	1	14	3.4550399205369073	2.2983182291836063e-08
0	1	15	2.163105560913374	3.084089843316795e-12
0	1	16	2.7283785089650157	1.529109656646778e-10
0	1	17	4.188015414747266	3.500356242745013e-06
0	1	18	4.211327816608696	4.101653810984177e-06
0	1	19	5.359289951536714	0.006449395303139183
0	1	20	3.0363996908022073	1.28169016832276e-09
0	2	0	2.292024042445156	7.513061148727413e-12
0	2	1	5.075005203449303	0.0011986657442061292
0	2	2	5.221761067964077	0.002913938688219605
0	2	3	4.378111946263044	1.2693553790321272e-05
0	2	4	6.5262646620332045	0.45762213202784724
0	2	5	2.7037583670392182	1.2900798844143435e-10
0	2	6	5.975374372421141	0.11466952547849041
0	2	7	2.006764928178525	1.0475203231263979e-12
0	2	8	3.2762255605388186	6.702207857422802e-09
0	2	9	2.281005405852782	6.9625352445894334e-12
0	2	10	2.774432453577062	2.1014667669361768e-10
0	2	11	2.218156131936809	4.510795150321248e-12
0	2	12	3.2939398241061335	7.57283370082967e-09
0	2	13	2.1688528265654914	3.208974689535765e-12
0	2	14	2.0485862206000913	1.398340573635398e-12
0	2	15	3.3460669972473025	1.0847101301761261e-08
0	2	16	5.167050074796768	0.0021016611662546545
0	2	17	2.529119813919603	3.8629486544335676e-11
0	2	18	2.7956492503800074	2.43295533259595e-10
0	2	19	5.041463318576678	0.0009736436117384455
0	2	20	3.1014305782072893	2.007461052284624e-09
0	3	0	3.631654737759108	7.75170208755205e-08
0	3	1	4.310610865425906	8.04382034969903e-06
0	3	2	3.7982131366005083	2.4348832334208206e-07
0	3	3	3.7311660641036593	1.5363894053786313e-07
0	3	4	3.464947558399773	2.460637279136311e-08
0	3	5	4.420944922886431	1.6940867731476595e-05
0	3	6	3.0335258677734656	1.256524375545933e-09
0	3	7	2.0702350611416316	1.6238728997984186e-12
0	3	8	2.857498207572225	3.7286921329505083e-10
0	3	9	3.412451179831206	1.7139178577797152e-08
0	3	10	4.675068626775659	9.224959130376479e-05
0	3	11	3.5081280620250137	3.3127832343861684e-08
0	3	12	5.044182151941303	0.0009902521979745006
0	3	13	2.1727847077362634	3.297313095536317e-12
0	3	14	5.669049534623496	0.03221910905839296
0	3	15	2.28590194712628	7.2020181174345506e-12
0	3	16	5.166984160059771	0.0021008269646755865
0	3	17	4.055341978970918	1.4168042237198805e-06
0	3	18	2.236816027328765	5.131251956320515e-12
0	3	19	3.5884546396321335	5.7586791662778665e-08
0	3	20	3.518601220193347	3.5604948548454214e-08
0	4	0	3.464253306775091	2.4488991334814663e-08
0	4	1	2.531602408700644	3.929743416818589e-11
0	4	2	3.1899773932304862	3.6975658587556162e-09
0	4	3	2.81117527554542	2.708211686342166e-10
0	4	4	4.79398832196514	0.000201053341252415
0	4	5	3.7289764077337946	1.5134477406565655e-07
0	4	6	2.2279471340237307	4.826376555985981e-12
0	4	7	2.498754959727773	3.132233394278664e-11
0	4	8	2.1967108539423483	3.889803321307115e-12
0	4	9	2.7721233196231214	2.0682318991307997e-10
0	4	10	3.430331246899707	1.9386036534495194e-08
0	4	11	2.332025457474841	9.903678847882959e-12
0	4	12	3.2288481201312256	4.8343654151367496e-09
0	4	13	2.323553455901504	9.340840348224306e-12
0	4	14	3.722500171952224	1.4475764058585528e-07
0	4	15	2.328945689683426	9.695254695656875e-12
0	4	16	3.7216536309145267	1.4391802634097234e-07
0	4	17	3.5250183409124327	3.7213277611535616e-08
0	4	18	3.654778372843048	9.087914093308238e-08
0	4	19	2.4515425280976113	2.2607842939706988e-11
0	4	20	3.707698718141499	1.3075743072267603e-07
0	5	0	3.5945622451674772	6.005849505752748e-08
0	5	1	3.5014018150237503	3.162849946279946e-08
0	5	2	2.0592996722196575	1.505738916955332e-12
0	5	3	4.64566929364287	7.59670805949058e-05
0	5	4	3.9346569730522774	6.20597428856373e-07
0	5	5	2.087306966129631	1.8270970201747954e-12
0	5	6	3.86069294451263	3.7381724970104313e-07
0	5	7	3.0634384748589527	1.5445732008431712e-09
0	5	8	4.162460366736207	2.9415622895329267e-06
0	5	9	2.869050423527299	4.0382006604702494e-10
0	5	10	3.466189708101015	2.4817795080406692e-08
0	5	11	3.085324346982837	1.7963388917268248e-09
0	5	12	2.93912608029181	6.55007465449048e-10
0	5	13	2.8622049044683635	3.8518236809045156e-10
0	5	14	3.3381405701293847	1.027038151762568e-08
0	5	15	4.098795081777439	1.9060319771712947e-06
0	5	16	2.8874433071589882	4.5848474073741805e-10
0	5	17	4.57496630592026	4.751525963008906e-05
0	5	18	2.4783523917237873	2.7206035442237814e-11
0	5	19	3.3825442190279746	1.3947381522087542e-08
0	5	20	2.6663853135383953	9.966707834213855e-11
0	6	0	2.2854169802970774	7.1779361341629646e-12
0	6	1	2.7523112783664683	1.8038377376332542e-10
0	6	2	2.144008706855947	2.7029911109312885e-12
0	6	3	3.4017322165480914	1.5918971720081478e-08
0	6	4	3.18915500598316	3.6766523605233765e-09
0	6	5	2.9849686815037013	8.987690136027459e-10
0	6	6	3.8985177515293117	4.844845748957365e-07
0	6	7	3.45325985111628	2.2703097046610502e-08
0	6	8	2.6576016182032545	9.380213780090195e-11
0	6	9	4.498034703076198	2.8426387790494766e-05
0	6	10	2.5874089822734705	5.777276838864916e-11
0	6	11	3.0157311355850798	1.111330323750065e-09
0	6	12	2.4374743842066553	2.0514759894730265e-11
0	6	13	4.454226490238375	2.1189365516447337e-05
0	6	14	3.0990330444155463	1.974529265862357e-09
0	6	15	2.134065289353564	2.5235881132252963e-12
0	6	16	3.3533756407185518	1.1407505343245925e-08
0	6	17	3.4000613832468476	1.5736751847889275e-08
0	6	18	5.46884104187939	0.011759358520732326
0	6	19	2.948390702246906	6.982576764046499e-10
0	6	20	3.4031579542363026	1.6076127686683405e-08
0	7	0	2.6556051108780245	9.251793473299618e-11
0	7	1	2.077941254753375	1.7126470598790902e-12
0	7	2	2.810135614787114	2.688844215311551e-10
0	7	3	3.2553615082903766	5.80418121130625e-09
0	7	4	2.70397169244477	1.2919813848946433e-10
0	7	5	3.1014671018263877	2.007966951922633e-09
0	7	6	3.0399303795220547	1.313298858108746e-09
0	7	7	4.165341807807481	2.9998401175637167e-06
0	7	8	4.135928823585491	2.455218813595768e-06
0	7	9	4.335528190284107	9.52080529938104e-06
0	7	10	2.7505148253916833	1.7816038738882716e-10
0	7	11	3.8171539747807546	2.7729243970924443e-07
0	7	12	3.27756449572475	6.764366236847946e-09
0	7	13	2.4108094234695154	1.7064469687176845e-11
0	7	14	4.137251442572328	2.477447449244277e-06
0	7	15	3.1602685079626744	3.0124682688779713e-09
0	7	16	2.5597896761610306	4.774152581489422e-11
0	7	17	2.6726460387133097	1.0406989867435514e-10
0	7	18	2.5347467938572015	4.016003954908258e-11
0	7	19	5.247795357945822	0.003397323742111085
0	7	20	3.443051138177868	2.1161413745773566e-08
0	8	0	2.778597602526468	2.1627708554065524e-10
0	8	1	2.5066798223453057	3.308423829588944e-11
0	8	2	4.546820948271151	3.9387794049835745e-05
0	8	3	2.3328465465549852	9.959998810336064e-12
0	8	4	3.477353819146732	2.6801343875064735e-08
0	8	5	2.483753735940044	2.823998021913379e-11
0	8	6	4.791478596086184	0.0001977980474325846
0	8	7	3.866080121917006	3.878856635592045e-07
0	8	8	2.73516382052763	1.6024467071056885e-10
0	8	9	3.4571557492860174	2.332059125410203e-08
0	8	10	3.477863271989328	2.689554524673522e-08
0	8	11	2.9061874618592642	5.218107729364095e-10
0	8	12	5.283123522317289	0.004174722932221739
0	8	13	3.3893832047483903	1.4620420424874049e-08
0	8	14	5.951159422135735	0.10509704592036101
0	8	15	2.781224253025951	2.2023468409884717e-10
0	8	16	2.6373883917735226	8.158305769513527e-11
0	8	17	2.938483700406693	6.521098837016546e-10
0	8	18	3.4941353777706228	3.008483573060848e-08
0	8	19	2.6864545629838585	1.1448033883372081e-10
0	8	20	4.996889129000372	0.0007367751913321819
0	9	0	2.7815888106112805	2.2078965851237438e-10
0	9	1	3.608329856220203	6.602569026683605e-08
0	9	2	3.048057034895304	1.3890458559456274e-09
0	9	3	2.9957757524170785	9.68361743265165e-10
0	9	4	4.680684105050817	9.572931976500338e-05
0	9	5	3.843889429241451	3.331233272957552e-07
0	9	6	2.4781712633349944	2.717202701617258e-11
0	9	7	2.9776493587642703	8.544981680086184e-10
0	9	8	3.7334729437856726	1.5609348548642742e-07
0	9	9	3.187393946405537	3.6322650072678446e-09
0	9	10	6.1074440657518725	0.17706525227660228
0	9	11	2.401797712739291	1.60348371146029e-11
0	9	12	2.1272557461289736	2.407645837804895e-12
0	9	13	3.3671325290076317	1.2542004642700788e-08
0	9	14	2.990762300369486	9.35431654274009e-10
0	9	15	2.8657940077760626	3.948442720337079e-10
0	9	16	3.6771896396723727	1.0602000867177575e-07
0	9	17	2.296169262544598	7.73125747017689e-12
0	9	18	3.524452187734377	3.706851004561972e-08
0	9	19	6.004925201662344	0.12713843754481952
0	9	20	5.839891378648301	0.06834967706631177
0	10	0	4.184197088091035	3.4105972818251395e-06
0	10	1	3.078609534217019	1.7150158345403666e-09
0	10	2	2.9881757950297905	9.188827786814164e-10
0	10	3	2.6299862094599735	7.751807531395343e-11
0	10	4	2.642356339253843	8.443010314468649e-11
0	10	5	2.0368411858504225	1.2893824131310282e-12
0	10	6	2.9449797732233014	6.820119345790684e-10
0	10	7	2.033097792226574	1.2564718943347507e-12
0	10	8	2.7134213738922814	1.3790842932844683e-10
0	10	9	2.726847928150046	1.5130362724777923e-10
0	10	10	3.2876910620018758	7.253517839119997e-09
0	10	11	3.272009010004985	6.51016469582837e-09
0	10	12	2.857798732828658	3.7364351850332275e-10
0	10	13	2.597392293973985	6.189583152998655e-11
0	10	14	2.252731569197038	5.72745357384478e-12
0	10	15	4.330526808663863	9.204193911723989e-06
0	10	16	2.381515888217752	1.3939078683587786e-11
0	10	17	2.238065080741489	5.1757090302675175e-12
0	10	18	2.4400355855420726	2.088083842026344e-11
0	10	19	3.954159208488608	7.092614500436764e-07
0	10	20	2.6329195015798774	7.910411801784358e-11
0	11	0	4.302848574114567	7.631993854260798e-06
0	11	1	2.1845795129026104	3.577167399394297e-12
0	11	2	6.095972714204523	0.1709747603524081
0	11	3	2.2568269672684362	5.8917669936907986e-12
0	11	4	2.6582720363029724	9.42373523876962e-11
0	11	5	3.6030860799048345	6.36861246947353e-08
0	11	6	3.4096554181894816	1.6812189416857474e-08
0	11	7	3.4569780591160875	2.3292065847307216e-08
0	11	8	4.289049651732443	6.950942886444749e-06
0	11	9	3.4895727447063125	2.9154264843461425e-08
0	11	10	6.4601785840114925	0.40953373733072235
0	11	11	2.3100842945606246	8.511122563107596e-12
0	11	12	4.551252630614361	4.056972989901309e-05
0	11	13	2.1835281442374317	3.5512859237417848e-12
0	11	14	3.9555340928481564	7.159689151060079e-07
0	11	15	2.203124669985919	4.065987530416546e-12
0	11	16	2.980484116814363	8.713794501976484e-10
0	11	17	3.0470485293014904	1.3794133926355551e-09
0	11	18	3.8904242554300943	4.583406897047423e-07
0	11	19	2.3972955775169824	1.554395517674253e-11
0	11	20	4.711962967813248	0.00011760835765880011
0	12	0	5.066437841125678	0.0011368477430198937
0	12	1	3.3809015391268993	1.3790387866336086e-08
0	12	2	3.0669998698551204	1.5829976833767785e-09
0	12	3	3.0644291684040983	1.5551673737177304e-09
0	12	4	4.358169647961096	1.1094840911940467e-05
0	12	5	2.192762049056069	3.7851498966442105e-12
0	12	6	2.1818687668405223	3.5108175916349006e-12
0	12	7	2.891201226217923	4.705328105239299e-10
0	12	8	3.265640946080575	6.230504240445961e-09
0	12	9	3.573186145395854	5.184313123152733e-08
0	12	10	2.4274971064917525	1.914885037504312e-11
0	12	11	2.445436013054529	2.1674282324305295e-11
0	12	12	3.0180489262153727	1.1292479606723272e-09
0	12	13	4.573060036551588	4.691600180288796e-05
0	12	14	2.4352764917805994	2.020573074976723e-11
0	12	15	3.5727978131163356	5.170476510559666e-08
0	12	16	4.152153095244133	2.742168559919465e-06
0	12	17	2.4080541846295365	1.674284285388261e-11
0	12	18	2.2552194085302477	5.826714734607423e-12
0	12	19	3.461328114364118	2.4000523731057584e-08
0	12	20	2.6278046957593	7.635917429447367e-11
0	13	0	2.5550003417953815	4.618845926455414e-11
0	13	1	2.670722894697767	1.0269715378723666e-10
0	13	2	2.0933227120351225	1.9046124785044045e-12
0	13	3	3.570192421344546	5.0785931897239035e-08
0	13	4	4.467776495517853	2.320736716426537e-05
0	13	5	2.3406228170047614	1.0509523687207417e-11
0	13	6	2.967814868440855	7.984272440334156e-10
0	13	7	2.14719707399422	2.76317494049024e-12
0	13	8	2.311546752093812	8.597522476346928e-12
0	13	9	2.1471195213970358	2.7616952720090546e-12
0	13	10	3.8920560268989473	4.63495918652527e-07
0	13	11	2.0869460501701558	1.822548078485954e-12
0	13	12	3.8110253518518737	2.658711519988296e-07
0	13	13	2.179163630419082	3.4458318916285493e-12
0	13	14	3.5500669218460454	4.421660893554394e-08
0	13	15	2.0942536326941905	1.916898161306248e-12
0	13	16	2.6919957528467595	1.189450442736989e-10
0	13	17	3.051047802649986	1.4180085221056505e-09
0	13	18	2.3324256577949485	9.93108940837548e-12
0	13	19	4.791490800264816	0.00019781375153507034
0	13	20	2.4332341733192244	1.9922749346708593e-11
0	14	0	3.5156202543449186	3.488163111393512e-08
0	14	1	3.4682929538209044	2.5179927892425113e-08
0	14	2	3.187718899370168	3.640414928109512e-09
0	14	3	4.61813070232283	6.330010182292656e-05
0	14	4	3.4110543096860173	1.6975015544711764e-08
0	14	5	3.7187315073018987	1.4105698939595058e-07
0	14	6	3.7373699459826177	1.6032917410188465e-07
0	14	7	4.278318978565119	6.46336501708341e-06
0	14	8	3.787534890890573	2.2627731482345712e-07
0	14	9	2.7931765238357222	2.3917763865078175e-10
0	14	10	2.6291683850308507	7.708157021101257e-11
0	14	11	2.5156852328389014	3.520696660329536e-11
0	14	12	2.7859988391791406	2.2761494626121594e-10
0	14	13	2.131336456274304	2.4764700777044172e-12
0	14	14	2.200419803967397	3.990733580769366e-12
0	14	15	2.269682774457949	6.4388145210743e-12
0	14	16	4.2220376537776065	4.4113134197316324e-06
0	14	17	3.5711038200306686	5.110548169087749e-08
0	14	18	2.7029236226214852	1.2826661521435716e-10
0	14	19	3.3167823741306197	8.864370590362112e-09
0	14	20	2.119978126337988	2.28961596935671e-12
0	15	0	3.982106548892808	8.587689191146918e-07
0	15	1	3.0205234698268484	1.1486962231499673e-09
0	15	2	2.4955152809672807	3.062937475001905e-11
0	15	3	3.2488770261833197	5.5503736137314025e-09
0	15	4	2.301466320773984	8.019331191067902e-12
0	15	5	2.002429892424637	1.01662003549876e-12
0	15	6	3.700868666889451	1.2476116326164196e-07
0	15	7	2.4935866772634503	3.022415213386843e-11
0	15	8	3.4500406755871635	2.22052069044344e-08
0	15	9	2.408681091632939	1.6815486649365608e-11
0	15	10	2.506800077223171	3.311172367050169e-11
0	15	11	3.5540780981597204	4.545442967322422e-08
0	15	12	3.1131261349110737	2.1761505445932567e-09
0	15	13	4.493642607217662	2.7602317944309394e-05
0	15	14	2.1897922578861344	3.708301979894453e-12
0	15	15	2.0428448814218005	1.343973962517607e-12
0	15	16	3.35934911334595	1.1886951201171806e-08
0	15	17	5.440275493419558	0.010085219609846176
0	15	18	2.247091189828715	5.508628026327447e-12
0	15	19	2.6204086730981957	7.255752984349099e-11
0	15	20	2.7707434794391714	2.0486235258241985e-10
0	16	0	2.7862622264434265	2.2802919582837803e-10
0	16	1	3.574756396877838	5.240640656912222e-08
0	16	2	2.0231882822109903	1.1733495739840378e-12
0	16	3	2.082102221244305	1.7625817624319605e-12
0	16	4	2.783654826262806	2.2396132060986386e-10
0	16	5	2.4685028620356286	2.541706839104152e-11
0	16	6	3.2659092600370467	6.242041563861936e-09
0	16	7	3.0659750781427446	1.5718441495927683e-09
0	16	8	3.2878280957620096	7.260373932703629e-09
0	16	9	2.290626219795925	7.440879570842187e-12
0	16	10	3.085908174579961	1.8035891953609645e-09
0	16	11	3.2836216727682204	7.052840097411992e-09
0	16	12	3.161715745008462	3.042691430012862e-09
0	16	13	3.6150450321744505	6.914749068161904e-08
0	16	14	4.199503770895632	3.784836651663189e-06
0	16	15	2.41960184521687	1.8132730272728013e-11
0	16	16	2.6697276669557617	1.0199388176133656e-10
0	16	17	2.5685004759583623	5.070130275610395e-11
0	16	18	2.696764649860666	1.2292662800371138e-10
0	16	19	2.255768538643361	5.8488549357032786e-12
0	16	20	2.0940842758421874	1.9146572181735747e-12
0	17	0	2.607742209528871	6.648117990899981e-11
0	17	1	5.139898305459179	0.0017834508216570024
0	17	2	3.592342488931213	5.9148153205763984e-08
0	17	3	2.9670057887541232	7.939814540063906e-10
0	17	4	4.198744076203296	3.7653343268125184e-06
0	17	5	3.75006609998066	1.7494078155733982e-07
0	17	6	3.37520747377797	1.3259739208442595e-08
0	17	7	3.3474215011309676	1.0948842252087173e-08
0	17	8	3.70440914146139	1.2783434485263783e-07
0	17	9	2.3535326992503047	1.1489577776690083e-11
0	17	10	3.7680314002936868	1.97915245112434e-07
0	17	11	6.529952637629162	0.4602954296043435
0	17	12	3.492301225148942	2.9707237218677294e-08
0	17	13	2.308698968936577	8.430080365639027e-12
0	17	14	3.144858629060069	2.708684622941197e-09
0	17	15	3.033682958926692	1.2578871563674746e-09
0	17	16	5.408088740708914	0.008460377851960887
0	17	17	3.2958363035608604	7.672495832148735e-09
0	17	18	2.03161103628922	1.2436351576733779e-12
0	17	19	3.518450029695852	3.556790479959941e-08
0	17	20	2.835382190457135	3.200774178451283e-10
0	18	0	2.654223614943219	9.16396270800404e-11
0	18	1	4.029222888609128	1.185241849895138e-06
0	18	2	2.4218826055333333	1.8420596098188915e-11
0	18	3	4.62899170205359	6.802571979043721e-05
0	18	4	2.859619178271441	3.783683905019743e-10
0	18	5	4.046555004145936	1.3342648597273135e-06
0	18	6	3.93263477817442	6.120614327315789e-07
0	18	7	3.1380599902458837	2.584584503148443e-09
0	18	8	3.3289196719990564	9.637921390432457e-09
0	18	9	4.419275300045075	1.6751557218332608e-05
0	18	10	3.3488291379837998	1.105558471849411e-08
0	18	11	3.309086262819833	8.406339653134307e-09
0	18	12	4.170630912049752	3.1098196289715336e-06
0	18	13	2.834370061973087	3.1784890818785996e-10
0	18	14	5.409075329433635	0.008506401607195074
0	18	15	3.319740075723557	9.046958180839132e-09
0	18	16	2.804670152451379	2.589284494530559e-10
0	18	17	2.3739842331832137	1.3232578999319831e-11
0	18	18	2.4289497670868574	1.9341917190902202e-11
0	18	19	2.521532738825317	3.6657710561655735e-11
0	18	20	5.124100022676983	0.001620029211807434
0	19	0	2.427647632205458	1.9168766271840393e-11
0	19	1	4.198582717632204	3.761204936179057e-06
0	19	2	2.160819132571998	3.0357690703459e-12
0	19	3	4.351386125134801	1.0597927687241731e-05
0	19	4	2.1769943897013215	3.3945901325469116e-12
0	19	5	4.094612611030813	1.8524120801361294e-06
0	19	6	4.20671060770497	3.9749159286014646e-06
0	19	7	3.7890583807573233	2.286565183515803e-07
0	19	8	2.770687662393994	2.0478342547438852e-10
0	19	9	2.4295685096320323	1.9424741526434556e-11
0	19	10	3.197347075407853	3.890366216931172e-09
0	19	11	3.780795431423571	2.1604533704122616e-07
0	19	12	2.400966523314553	1.594305750469086e-11
0	19	13	3.6768049230317184	1.0573996092594483e-07
0	19	14	2.9176788647052345	5.648838064514511e-10
0	19	15	4.3203500374304245	8.591875678275712e-06
0	19	16	2.677541373604006	1.07647559785053e-10
0	19	17	4.088629058865026	1.7783036210912814e-06
0	19	18	2.413862410370899	1.7428073813558942e-11
0	19	19	2.2754429736238952	6.700130722478314e-12
0	19	20	4.161246526019967	2.9173506485355158e-06
0	20	0	2.226851657814844	4.789997963830836e-12
0	20	1	2.0043723726246916	1.0303517613384251e-12
0	20	2	3.3507961315417094	1.120648778544781e-08
0	20	3	3.7286206548722642	1.5097528427238778e-07
0	20	4	2.9588108848775354	7.5032289476749e-10
0	20	5	2.091253425496606	1.877584681845422e-12
0	20	6	2.363999191473087	1.2350836560469156e-11
0	20	7	3.8371640857970775	3.1810303210401227e-07
0	20	8	2.0630259409353	1.544995413703101e-12
0	20	9	2.3420952969973103	1.0616943449086975e-11
0	20	10	4.153781398583149	2.7727489986740386e-06
0	20	11	3.1188896277391587	2.264419360072485e-09
0	20	12	4.644292150132653	7.527811155449572e-05
0	20	13	2.6103732569642357	6.769999767541498e-11
0	20	14	3.20088535659666	3.98647060511905e-09
0	20	15	2.3490975158667933	1.1142983984823112e-11
0	20	16	2.5217279037462723	3.670714759472425e-11
0	20	17	3.7972503013581087	2.4188428336640445e-07
0	20	18	3.0863168084353023	1.80868123817527e-09
0	20	19	5.010495486832296	0.0008024432871559647
0	20	20	3.312212863510691	8.589494280548089e-09
1	0	0	6.197213067064901	0.22878699818203702
1	0	1	2.4481759936488734	2.2088303895878803e-11
1	0	2	4.007466275270546	1.0214357072979158e-06
1	0	3	3.4617734358287926	2.4074253408140366e-08
1	0	4	2.5540658946362713	4.589138223723085e-11
1	0	5	3.5342371889051516	3.965163946500322e-08
1	0	6	2.4814270688032725	2.7789869455635426e-11
1	0	7	3.362091427315288	1.2113749448431085e-08
1	0	8	2.0475490506870733	1.3883590543449714e-12
1	0	9	5.114093978670855	0.0015240338442374932
1	0	10	5.594573047690529	0.02247568840928157
1	0	11	2.6998264037200053	1.2555287068379318e-10
1	0	12	3.3577875346794723	1.1759704700537776e-08
1	0	13	3.5194600871004034	3.581611520946892e-08
1	0	14	2.744211286090926	1.7057331683306498e-10
1	0	15	3.2859405334156584	7.166502274842716e-09
1	0	16	3.665144570192047	9.7593594310782e-08
1	0	17	2.613389390858921	6.912471517393861e-11
1	0	18	3.0640266808241035	1.5508545625092999e-09
1	0	19	2.1760855380058133	3.3733484094497875e-12
1	0	20	2.987784827718216	9.164068990900887e-10
1	1	0	4.102406453195558	1.953571966225463e-06
1	2	0	2.8737176804749356	4.170414877548116e-10
1	3	0	2.56789660067873	5.049032460006521e-11
1	4	0	2.8970245393653897	4.898308934669942e-10
1	5	0	2.892858059869352	4.759447493113586e-10
1	6	0	4.949518150020296	0.0005463102997371617
1	7	0	2.8734842017797293	4.163699212197873e-10
1	8	0	6.298617998050251	0.29465224689547564
1	9	0	3.9479429079163344	6.797083281603544e-07
1	10	0	3.3220242909696744	9.190537515956775e-09
1	11	0	3.320272534709793	9.080225401417735e-09
1	12	0	2.5234623754322323	3.7149444180470516e-11
1	13	0	3.3385523687804763	1.0299574566080436e-08
1	14	0	4.103167800641576	1.963744037559673e-06
1	15	0	4.058599706585563	1.448681287637635e-06
1	16	0	2.6597499061566703	9.520388357911766e-11
1	17	0	2.3563816592689224	1.1717879144516443e-11
1	18	0	3.7960811242889254	2.3995065763348226e-07
1	19	0	2.6576845839278445	9.385588742069781e-11
1	20	0	3.5240471291059086	3.696528032869237e-08
2	0	0	2.3400467004303693	1.0467791459238843e-11
2	0	1	2.1293264899455098	2.4423280641958946e-12
2	0	2	2.806300796900006	2.6185964823993564e-10
2	0	3	4.58672300160873	5.1381753117408803e-05
2	0	4	2.8213506012601406	2.905284064980957e-10
2	0	5	5.998364615571392	0.12429527714239338
2	0	6	5.06747663428362	0.0011441766601799788
2	0	7	4.712581038033374	0.00011808683661702324
2	0	8	2.471940939776945	2.6027751168379945e-11
2	0	9	2.155799882078803	2.932332056577261e-12
2	0	10	3.06122183311801	1.5211296701418895e-09
2	0	11	2.5593621670058164	4.760079788989173e-11
2	0	12	2.773872350638333	2.0933565994191644e-10
2	0	13	2.0824455739476084	1.7667667027667455e-12
2	0	14	4.059802774742081	1.460633175229313e-06
2	0	15	2.325155602287854	9.444769737093062e-12
2	0	16	2.295282861665644	7.684072595984657e-12
2	0	17	2.163152039044449	3.0850800346160203e-12
2	0	18	2.548983332704962	4.4308686936909963e-11
2	0	19	3.1860331343093122	3.598333036772034e-09
2	0	20	3.4067329073241424	1.6477037384268756e-08
2	1	0	2.6181018606559916	7.141096972071082e-11
2	2	0	2.97603827591313	8.450501153320344e-10
2	3	0	2.5220848638067084	3.679774132926127e-11
2	4	0	2.1832873909865746	3.5453857136948237e-12
2	5	0	3.493140068239662	2.9879339437766716e-08
2	6	0	4.522013742421904	3.337363710539966e-05
2	7	0	2.7135938996311166	1.380727967911282e-10
2	8	0	4.085209450269499	1.7372842961790393e-06
2	9	0	2.1412459719724026	2.651902567000737e-12
2	10	0	2.0963469510373103	1.944814634419613e-12
2	11	0	4.753010381052241	0.00015391046453262541
2	12	0	2.22936871006605	4.873996454920936e-12
2	13	0	2.248197583127112	5.5508825757687135e-12
2	14	0	2.396868157849591	1.5498140584778462e-11
2	15	0	2.029655187292928	1.2269477644915525e-12
2	16	0	4.837152435979393	0.0002659819288114385
2	17	0	3.0089246514656787	1.0603389095752148e-09
2	18	0	2.0458079324166536	1.371762807381385e-12
2	19	0	3.2887590367960993	7.307122670321677e-09
2	20	0	2.8583806182004645	3.751473223869985e-10
3	0	0	3.0944297822920634	1.9128064273442925e-09
3	0	1	2.8875916330913	4.589543819314963e-10
3	0	2	2.2729776767870358	6.587016872577942e-12
3	0	3	3.3817126608824823	1.386768619737656e-08
3	0	4	3.0593630594423207	1.5017454192070047e-09
3	0	5	2.359203528605752	1.194848089239824e-11
3	0	6	2.453605438281626	2.2932220229061748e-11
3	0	7	2.758951876336542	1.8884605622410626e-10
3	0	8	3.8993427267498295	4.872315735067117e-07
3	0	9	3.5885447265579153	5.762250049846479e-08
3	0	10	2.167308899104122	3.1749375789623753e-12
3	0	11	6.316761734200275	0.30709219525527076
3	0	12	2.6254145434227727	7.510931482848261e-11
3	0	13	2.1303715332279256	2.4600203911740867e-12
3	0	14	3.187340462442838	3.6309253617842675e-09
3	0	15	2.0246781511061855	1.1854863409305682e-12
3	0	16	5.1364000428548096	0.0017459610833225738
3	0	17	3.6574541268465692	9.25668049917312e-08
3	0	18	3.9754784758532034	8.206910168673648e-07
3	0	19	2.1617702425693235	3.0557769332783565e-12
3	0	20	3.106659976546724	2.0812076480692547e-09
3	1	0	2.0259585558004987	1.196017023945732e-12
3	2	0	2.7358922755734034	1.6105261178419637e-10
3	3	0	3.877647423677079	4.199031959495801e-07
3	4	0	2.2785484259121476	6.8453848649316336e-12
3	5	0	2.8461101543468317	3.4468043887888204e-10
3	6	0	2.9147286021945478	5.534974560465614e-10
3	7	0	3.0481798780416387	1.390223742924775e-09
3	8	0	2.694532316468028	1.2104651485163262e-10
3	9	0	4.0762537886149035	1.6342692946448762e-06
3	10	0	4.66367487264095	8.556742361811616e-05
3	11	0	2.19542514646634	3.855414941189481e-12
3	12	0	3.8274286603910146	2.975491418110688e-07
3	13	0	3.559687342624647	4.72436564791316e-08
3	14	0	5.886669809397495	0.08238646747351726
3	15	0	3.677362210334548	1.0614586893358738e-07
3	16	0	3.3828835288473686	1.3980031795560295e-08
3	17	0	4.354211145043263	1.080212651886448e-05
3	18	0	3.1055162283653237	2.0648501696590693e-09
3	19	0	2.7928189086500494	2.38587888670538e-10
3	20	0	4.4562966065428045	2.1486023697803493e-05
4	0	0	3.4202747592720657	1.808838033481092e-08
4	0	1	3.2297049063408965	4.863013581790644e-09
4	0	2	2.205703138183715	4.139045577431831e-12
4	0	3	2.4757727198498416	2.6725667722715948e-11
4	0	4	3.3113981053205648	8.541385460075417e-09
4	0	5	5.172724484321764	0.002174667847572202
4	0	6	4.595040081169717	5.430301610715686e-05
4	0	7	4.102452142054816	1.9541809149855147e-06
4	0	8	3.298854488755468	7.833814728164543e-09
4	0	9	5.248896087845052	0.00341933908773839
4	0	10	2.323553257467977	9.340827547157211e-12
4	0	11	4.145298846206544	2.617079927087062e-06
4	0	12	3.52303809609792	3.670937387867893e-08
4	0	13	2.8021518887721077	2.544660104255327e-10
4	0	14	2.764124027585713	1.9571108203752195e-10
4	0	15	2.1871923088420333	3.642306170425127e-12
4	0	16	4.547683247254945	3.961507239854759e-05
4	0	17	3.311892007308315	8.5705165287111e-09
4	0	18	3.9909585125133695	9.123830870259539e-07
4	0	19	4.112023528657866	2.0860081511596603e-06
4	0	20	3.0115189848048445	1.0794927703954683e-09
4	1	0	2.425994993541269	1.895123732777914e-11
4	2	0	2.9745404473734034	8.363599359513405e-10
4	3	0	2.891215410957252	4.705788819386318e-10
4	4	0	2.516248789690672	3.534424625301391e-11
4	5	0	2.6517391401578507	9.008100848420877e-11
4	6	0	2.524332120347246	3.737323430396075e-11
4	7	0	2.575998752451526	5.339560971906379e-11
4	8	0	3.0025064293773194	1.0144006579409288e-09
4	9	0	4.176589478491945	3.238532111935126e-06
4	10	0	3.219410920670783	4.529760412624962e-09
4	11	0	4.227754993508434	4.586029080580886e-06
4	12	0	2.311752148036907	8.609727010075608e-12
4	13	0	3.566355317757296	4.946232847040441e-08
4	14	0	2.7982654591919767	2.477295692958288e-10
4	15	0	2.0187054258086823	1.1375755835023344e-12
4	16	0	2.0271505165624886	1.2059043550118102e-12
4	17	0	2.4896345136612625	2.941042580617935e-11
4	18	0	3.7495105765111383	1.742744845538783e-07
4	19	0	3.05743884277999	1.4819387762703347e-09
4	20	0	3.0533329696824754	1.4405443048779595e-09
5	0	0	2.1199980283289883	2.289930721515873e-12
5	0	1	3.7602203753238883	1.8757783526050832e-07
5	0	2	4.117047454655761	2.158708983715424e-06
5	0	3	2.4296363731361423	1.9433847229316446e-11
5	0	4	2.327681379648215	9.610967309016326e-12
5	0	5	5.8510712016271835	0.07152508084761074
5	0	6	2.370958906734805	1.2958975098790726e-11
5	0	7	4.345760241099935	1.0202619409581923e-05
5	0	8	5.246196106657193	0.0033655752035014024
5	0	9	4.2376748079009605	4.905646217076824e-06
5	0	10	3.335937223985304	1.0115581888225149e-08
5	0	11	4.449398993284637	2.051323058842575e-05
5	0	12	3.2724929609595277	6.531923894860459e-09
5	0	13	3.5581697437402093	4.675274732078727e-08
5	0	14	3.0109649965043506	1.0753738637029648e-09
5	0	15	3.3568301211516234	1.168236309068158e-08
5	0	16	3.182716231194745	3.5169471094475e-09
5	0	17	3.157341647459835	2.952259564663966e-09
5	0	18	5.738859312139453	0.04437939984764487
5	0	19	3.3923499150818577	1.492238206256669e-08
5	0	20	2.1322658354446116	2.4924178036656755e-12
5	1	0	2.0067717735478707	1.0475698524553926e-12
5	2	0	4.452300530136423	2.091701043806232e-05
5	3	0	2.166477907411947	3.156767394599952e-12
5	4	0	3.630682668542184	7.70004540876117e-08
5	5	0	2.0823791589320537	1.7659564317214245e-12
5	6	0	4.055407811899564	1.4174414326760868e-06
5	7	0	2.154332685273552	2.9027670635711012e-12
5	8	0	2.9958619703586367	9.689380736301268e-10
5	9	0	3.233495137612806	4.9917959891001216e-09
5	10	0	5.594931092839056	0.022515620373788372
5	11	0	5.73389038197347	0.04340430959342847
5	12	0	3.645616808483091	8.533001092913137e-08
5	13	0	3.2234354575517434	4.657241652888429e-09
5	14	0	3.524548887816154	3.7093196734875e-08
5	15	0	4.295194963930495	7.246451048126283e-06
5	16	0	4.35566282500608	1.0908571210959602e-05
5	17	0	4.334274993198585	9.440471014596322e-06
5	18	0	2.226755769808767	4.786826793617862e-12
5	19	0	4.528262302194388	3.479697272955156e-05
5	20	0	2.9412322159364486	6.645981931765483e-10
6	0	0	4.51875967925869	3.2655362997741015e-05
6	0	1	3.2798672718687185	6.87262016091565e-09
6	0	2	2.4998978229641873	3.1570511840166306e-11
6	0	3	3.682806014249919	1.1019368286086122e-07
6	0	4	4.3695584471480196	1.1981621458264465e-05
6	0	5	3.176825662551262	3.3769204034705708e-09
6	0	6	2.503914975254702	3.245856033866068e-11
6	0	7	3.228466084475089	4.821645807416714e-09
6	0	8	2.656383607248679	9.301657868977354e-11
6	0	9	3.4726670494178937	2.5950044891671076e-08
6	0	10	3.2821217033175096	6.980278395579437e-09
6	0	11	3.0314332759862737	1.23851109245635e-09
6	0	12	2.4644111272965783	2.4708924677307234e-11
6	0	13	2.172890359807071	3.299720055994108e-12
6	0	14	2.580465452669186	5.506816166479284e-11
6	0	15	3.8229026529715915	2.884502101661338e-07
6	0	16	3.361989367250138	1.2105231790516385e-08
6	0	17	2.961389176706363	7.637936164728065e-10
6	0	18	3.1115114210170054	2.1520435728822893e-09
6	0	19	2.757458100772488	1.86908546236765e-10
6	0	20	3.907423744736788	5.149747562979572e-07
6	1	0	2.0392311279480184	1.3108433222560977e-12
6	2	0	2.524598424000968	3.744202486711532e-11
6	3	0	2.1524342474649414	2.8649542021372346e-12
6	4	0	6.6249536839280045	0.5281041582064444
6	5	0	2.7536246902119466	1.8202685866324978e-10
6	6	0	2.5376680449815563	4.0978388351369726e-11
6	7	0	2.480418642044069	2.7597017035804736e-11
6	8	0	3.4396360006990636	2.0669382101189915e-08
6	9	0	3.895316159245466	4.7396943787785576e-07
6	10	0	3.323968913793972	9.314564048831442e-09
6	11	0	3.0826082806242416	1.7629904015979653e-09
6	12	0	2.750780302342332	1.7848722230540191e-10
6	13	0	4.379364292847157	1.2801253651928041e-05
6	14	0	2.0856706584349523	1.8065637236816137e-12
6	15	0	2.0318879359389816	1.2460159471328024e-12
6	16	0	3.331100641487484	9.78390730025605e-09
6	17	0	2.9761084157729254	8.45459261601914e-10
6	18	0	2.322996924805169	9.30500706844118e-12
6	19	0	4.900998735705686	0.00040104086522556727
6	20	0	4.282730978908699	6.659580893264878e-06
7	0	0	2.2715890502852627	6.5241460713449195e-12
7	0	1	2.5508822993662235	4.4893530443915034e-11
7	0	2	2.021334677503445	1.1584230519088521e-12
7	0	3	3.7825687018724348	2.186919125321629e-07
7	0	4	2.7258722005816134	1.5028779581771245e-10
7	0	5	2.024010466594343	1.1800318046726425e-12
7	0	6	4.41761303088666	1.6565163894825928e-05
7	0	7	4.673017740040345	9.101001139123475e-05
7	0	8	4.945091597119811	0.0005311782162215428
7	0	9	2.521315524899545	3.660276659406821e-11
7	0	10	2.5995486270021693	6.282432564383367e-11
7	0	11	2.990871666147163	9.361379219815083e-10
7	0	12	2.139974029476452	2.6287074962456253e-12
7	0	13	2.2171833407698003	4.480590079776761e-12
7	0	14	2.428007158745314	1.9216418698808123e-11
7	0	15	3.3039260680607763	8.11255473541997e-09
7	0	16	3.5242075971507836	3.700614142699627e-08
7	0	17	2.019072516315382	1.1404635735727366e-12
7	0	18	2.536382278060931	4.061616372469888e-11
7	0	19	2.559939280653231	4.7790870980668204e-11
7	0	20	3.8711186170770544	4.015210704071471e-07
7	1	0	2.626794253939421	7.58282760784678e-11
7	2	0	2.3750620378755714	1.3331442497478558e-11
7	3	0	5.274144540087022	0.003962694724638462
7	4	0	2.9400172266394233	6.590484831165201e-10
7	5	0	2.6365165857516377	8.109343438051948e-11
7	6	0	3.1769355357600704	3.379480533428439e-09
7	7	0	2.047064261254215	1.3837180010004345e-12
7	8	0	2.9172003576453935	5.630212540968046e-10
7	9	0	2.4838140118226346	2.825173739506426e-11
7	10	0	2.0047294881800197	1.0328963821426976e-12
7	11	0	2.9944690578365374	9.596688811588652e-10
7	12	0	2.238709980634761	5.198813258038207e-12
7	13	0	2.5746140781787474	5.2887506166235605e-11
7	14	0	5.230505321765245	0.003068554166506146
7	15	0	3.062819013199309	1.5379855567156302e-09
7	16	0	2.9937915922661724	9.55192752819849e-10
7	17	0	2.9432586256683093	6.739583647180759e-10
7	18	0	2.9976429600793004	9.809202332639748e-10
7	19	0	4.720625877682437	0.00012449200570806792
7	20	0	2.932787249581562	6.269691226264464e-10
8	0	0	2.039244816317884	1.3109672625318455e-12
8	0	1	3.268634127365491	6.360425346350141e-09
8	0	2	4.341432302928477	9.908504431569945e-06
8	0	3	5.98364301511036	0.11807107768867148
8	0	4	2.453815887766823	2.2965572322910288e-11
8	0	5	2.3373184473355493	1.0272403910843794e-11
8	0	6	3.366585611355749	1.2494820284542985e-08
8	0	7	3.211778455879837	4.297495128934957e-09
8	0	8	4.943116116995181	0.0005245571081319075
8	0	9	4.68660489774817	9.953813399762855e-05
8	0	10	4.187708141802451	3.493046916548462e-06
8	0	11	2.0889831300570334	1.8483724433478765e-12
8	0	12	2.390348532143545	1.481581542737084e-11
8	0	13	3.184412927863832	3.5583459701106605e-09
8	0	14	4.346646307637232	1.026389439702156e-05
8	0	15	5.225552710678836	0.0029800567685322145
8	0	16	4.62411132648291	6.586072159352801e-05
8	0	17	3.4326025998522747	1.9691769019137708e-08
8	0	18	2.0656256765589127	1.5729883173335618e-12
8	0	19	3.623524544833675	7.330093739957686e-08
8	0	20	5.031731938263175	0.0009163689894804098
8	1	0	2.881878111333204	4.412066914444277e-10
8	2	0	2.3849648150269913	1.427507340121959e-11
8	3	0	2.7000564128025535	1.2575241340183286e-10
8	4	0	4.2401386478703955	4.9884060895986066e-06
8	5	0	3.130876113894672	2.4596224043175314e-09
8	6	0	2.048942185045139	1.4017828198635145e-12
8	7	0	5.8082449500671185	0.059949044757934805
8	8	0	2.0105735607993123	1.0754424868681957e-12
8	9	0	8.230494596958422	0.9825603488762898
8	10	0	4.875321208953924	0.0003401604455926557
8	11	0	2.398314262840688	1.565369355642015e-11
8	12	0	3.230583122865484	4.892554407361112e-09
8	13	0	3.723740924634218	1.459970840446372e-07
8	14	0	2.919407524097174	5.716639524225525e-10
8	15	0	4.783613989850551	0.00018792787992858524
8	16	0	5.039393062728401	0.0009611772936861352
8	17	0	2.54748518584914	4.385266862804188e-11
8	18	0	4.476226112044131	2.456092959339131e-05
8	19	0	2.679673516494878	1.0924399352771838e-10
8	20	0	3.53897686269175	4.0966741228850845e-08
9	0	0	4.564996519837094	4.446263080549461e-05
9	0	1	2.4076664570239177	1.669807147329393e-11
9	0	2	2.909330804404721	5.332556298450262e-10
9	0	3	2.5954606487192384	6.107574219042271e-11
9	0	4	2.868938811763016	4.0350907603212397e-10
9	0	5	3.067456924538375	1.5879976100908846e-09
9	0	6	2.00194925494559	1.0132506639064869e-12
9	0	7	2.7564312235700568	1.8558816908369848e-10
9	0	8	2.5382074355411683	4.1131304858559464e-11
9	0	9	3.4507487172001836	2.2313771110138765e-08
9	0	10	4.874256146704553	0.00033784026955445656
9	0	11	2.7969294189665943	2.454552018179687e-10
9	0	12	2.937204463236823	6.463777436402652e-10
9	0	13	3.086538661154508	1.811451791733208e-09
9	0	14	2.2192165701550755	4.543953654681102e-12
9	0	15	4.169929130043235	3.094999337690139e-06
9	0	16	4.364297667673343	1.1563578897274099e-05
9	0	17	3.1288661411844085	2.425753367531968e-09
9	0	18	2.3789266085216627	1.3692037956575358e-11
9	0	19	3.7998607487509313	2.462578322454202e-07
9	0	20	2.2632076806268127	6.1572136056582226e-12
9	1	0	3.292142363796492	7.479569575199853e-09
9	2	0	2.3307299201677085	9.815462547626796e-12
9	3	0	2.3485666149212716	1.1102202872828627e-11
9	4	0	4.417859123874781	1.6592628547275618e-05
9	5	0	3.4835232037041663	2.796462131301596e-08
9	6	0	5.877763152691545	0.07956009218507112
9	7	0	2.46837740992761	2.5395058161899006e-11
9	8	0	3.5551917089481484	4.580417942395343e-08
9	9	0	2.4995412248178406	3.1492864639425747e-11
9	10	0	3.9920298566428807	9.190942467680144e-07
9	11	0	2.050565437050905	1.4175877218147988e-12
9	12	0	4.898679162624351	0.0003951316418555369
9	13	0	4.489307808082744	2.6812189005319865e-05
9	14	0	3.786455593235753	2.2460676348277488e-07
9	15	0	4.299537038090737	7.462739330195793e-06
9	16	0	4.306874398718165	7.84289886522212e-06
9	17	0	3.5839220752834455	5.5818405708430574e-08
9	18	0	3.512405920684068	3.411812651833426e-08
9	19	0	2.629814457754379	7.742620011095098e-11
9	20	0	2.4257827939880166	1.8923485919409506e-11
10	0	0	2.727382524202337	1.518631040956368e-10
10	0	1	3.5180896375961965	3.54797589680644e-08
10	0	2	2.174481244330676	3.3361766484094235e-12
10	0	3	4.44757621569236	2.0263530591486843e-05
10	0	4	2.3610671184744874	1.2103254964344626e-11
10	0	5	2.8944515342527706	4.812084267134087e-10
10	0	6	2.3638879957587147	1.2341355558516702e-11
10	0	7	2.749392661924934	1.7678546280554878e-10
10	0	8	3.0444091391468877	1.354518856751933e-09
10	0	9	3.415910900447025	1.755263406079521e-08
10	0	10	2.5058264893687316	3.288985526625014e-11
10	0	11	2.240168506056481	5.251447581037207e-12
10	0	12	3.9010498551162627	4.929653912213502e-07
10	0	13	4.485355321860334	2.6111279189391706e-05
10	0	14	2.0575536156927097	1.4876888389031892e-12
10	0	15	4.139366829707005	2.5134169238976995e-06
10	0	16	5.144587991178728	0.0018349148805848385
10	0	17	2.1307174043490265	2.4659040859853327e-12
10	0	18	2.8284257825627224	3.0507033080162423e-10
10	0	19	3.7119313695413148	1.346168950303201e-07
10	0	20	2.3049078504576026	8.212221678323412e-12
10	1	0	2.7583059183175838	1.8800576063446142e-10
10	2	0	2.891469595277612	4.71405226432482e-10
10	3	0	2.220463054845492	4.5832413452884016e-12
10	4	0	3.6330273483034694	7.825233759564763e-08
10	5	0	2.5252820300849983	3.761919162176351e-11
10	6	0	3.6709622412462584	1.0157654424507676e-07
10	7	0	4.680381711772339	9.553868925535145e-05
10	8	0	2.838800418638848	3.277197968884961e-10
10	9	0	2.094338702284764	1.918024798187113e-12
10	10	0	2.473246300466631	2.626343735620648e-11
10	11	0	3.726140629834931	1.4842439433024283e-07
10	12	0	3.1466562320465536	2.742481573581733e-09
10	13	0	3.0723427000996777	1.6424417437799384e-09
10	14	0	3.7433273520163466	1.6702712908102209e-07
10	15	0	2.0520226985509904	1.4319281786266586e-12
10	16	0	2.0651927792315803	1.5682921047205249e-12
10	17	0	2.0306086204087377	1.2350543409542575e-12
10	18	0	2.0938298611537927	1.911295705726727e-12
10	19	0	3.696183774975103	1.2080769350066381e-07
10	20	0	3.7212706247777234	1.4353975311778195e-07
11	0	0	2.21357737785877	4.370378996079509e-12
11	0	1	3.7184234522750628	1.4075870233066906e-07
11	0	2	3.3012788195525253	7.965844120554363e-09
11	0	3	4.751798455292359	0.0001526957531597956
11	0	4	3.164560156010036	3.102978301026994e-09
11	0	5	2.0231530637119213	1.1730641854118494e-12
11	0	6	2.0186821463890925	1.137392685441375e-12
11	0	7	3.0869438067084074	1.816522305177665e-09
11	0	8	2.6982729845386997	1.242134770251386e-10
11	0	9	2.2548471951348303	5.811755255366265e-12
11	0	10	4.30331809347946	7.656297897306751e-06
11	0	11	3.242649984339608	5.317089033925803e-09
11	0	12	3.05380561216676	1.4452498901145148e-09
11	0	13	2.6278071637851435	7.636047556406753e-11
11	0	14	2.3271543303755875	9.576047423976572e-12
11	0	15	4.031670584623495	1.205236117816049e-06
11	0	16	2.7767675126481004	2.13561777840354e-10
11	0	17	2.784108800207889	2.246643243871823e-10
11	0	18	3.622269902115057	7.267103241448033e-08
11	0	19	3.917232570297858	5.507745808525987e-07
11	0	20	3.078203723259769	1.7102206967961652e-09
11	1	0	2.5168884104013305	3.550070325394404e-11
11	2	0	3.3365805057553293	1.0160534122708187e-08
11	3	0	4.22849835474652	4.609245133443918e-06
11	4	0	3.4527590752453134	2.262491881411984e-08
11	5	0	4.112604026987999	2.0942823365118348e-06
11	6	0	4.7495757602963575	0.0001504923473202155
11	7	0	4.0230186414270745	1.1360300678158872e-06
11	8	0	3.4780642305254155	2.693279478284265e-08
11	9	0	3.2759699960463564	6.690408633955761e-09
11	10	0	2.3590152495328356	1.1932954516777781e-11
11	11	0	4.653178892855245	7.983478323332175e-05
11	12	0	2.691420741251732	1.1847375821204924e-10
11	13	0	4.400165753689706	1.4728631538333028e-05
11	14	0	2.1347623924378625	2.5357678856377347e-12
11	15	0	2.1466097263607864	2.7519883164519132e-12
11	16	0	2.985221030833773	9.003355697475973e-10
11	17	0	2.3451261327680557	1.0841515773886471e-11
11	18	0	2.0291386460238776	1.2225781102364713e-12
11	19	0	4.037091126033641	1.2507186698548477e-06
11	20	0	4.242881756032728	5.082180403110058e-06
12	0	0	3.1078306870712185	2.098084882910288e-09
12	0	1	2.1380046213470667	2.593193072675859e-12
12	0	2	3.5064225364578054	3.27410681289148e-08
12	0	3	3.659856664686051	9.410879078645363e-08
12	0	4	2.2063777221523173	4.158374848869863e-12
12	0	5	2.6294501965295196	7.72317058803134e-11
12	0	6	3.6434425456527015	8.406353677606011e-08
12	0	7	2.266801225872224	6.311940146327176e-12
12	0	8	3.698081364962781	1.223937269304614e-07
12	0	9	2.2271343743722634	4.799360086983829e-12
12	0	10	3.666221778192203	9.831913298755485e-08
12	0	11	3.5141071547707274	3.452011962982099e-08
12	0	12	4.94563918633023	0.0005330278543279758
12	0	13	2.7023625042064467	1.2777065689293672e-10
12	0	14	2.7652709087381897	1.9726682798520242e-10
12	0	15	3.9816865491159454	8.563046242313091e-07
12	0	16	2.507179720279814	3.319864453919709e-11
12	0	17	2.0574256711406185	1.48637473594711e-12
12	0	18	3.4532284358465395	2.2698184751887223e-08
12	0	19	3.4839063271286417	2.8038503008530142e-08
12	0	20	4.081876524471124	1.6982118297271917e-06
12	1	0	5.376723974141914	0.007110910076226346
12	2	0	3.107945143727686	2.0997422401156325e-09
12	3	0	2.166535893521758	3.1580319176523977e-12
12	4	0	4.093746569984406	1.8414984531890794e-06
12	5	0	3.688178480300343	1.143395156561763e-07
12	6	0	2.1990148552964035	3.952196752251392e-12
12	7	0	3.579005235144219	5.396136950276256e-08
12	8	0	4.221850679668243	4.405712873980184e-06
12	9	0	5.792071504357945	0.05598052998833283
12	10	0	3.04302453005606	1.3416394402537959e-09
12	11	0	2.03138810648398	1.241721707924171e-12
12	12	0	4.494423456302159	2.7747077324429636e-05
12	13	0	2.413271878529324	1.7357143504918443e-11
12	14	0	2.103962314228214	2.0498469052123446e-12
12	15	0	2.36538401089442	1.246952387597378e-11
12	16	0	4.787714409449358	0.00019301218277091104
12	17	0	2.3882899021892547	1.4606668815896626e-11
12	18	0	3.5537200484510154	4.5342545314432594e-08
12	19	0	4.524414621314677	3.391358167371725e-05
12	20	0	2.4177769103218987	1.7905639317155693e-11
13	0	0	2.690333973673147	1.1758812404414594e-10
13	0	1	2.048508009641574	1.397585391600806e-12
13	0	2	2.5396105154301676	4.153175388227289e-11
13	0	3	3.1235640869949886	2.338631110545586e-09
13	0	4	3.312683282185128	8.617394180809097e-09
13	0	5	3.6736811968650027	1.0349327323292441e-07
13	0	6	2.6243067895143657	7.453700511176159e-11
13	0	7	4.194944756897581	3.6692909168634754e-06
13	0	8	2.942408069170501	6.700136234768381e-10
13	0	9	2.1758986555788447	3.3689970873569816e-12
13	0	10	2.9528295811656866	7.199800804163198e-10
13	0	11	3.954574729550398	7.112819643570434e-07
13	0	12	2.0500918760308413	1.4129585425109517e-12
13	0	13	4.938306303789705	0.0005087695922888816
13	0	14	4.1541852248097015	2.780385457247962e-06
13	0	15	2.030684710444808	1.2357036004727438e-12
13	0	16	3.383252936339293	1.401566507337751e-08
13	0	17	2.589844619184851	5.875262252970827e-11
13	0	18	2.6607210812165345	9.584442536482209e-11
13	0	19	5.199960790125093	0.0025598962246991277
13	0	20	3.8739955026276958	4.095199991014171e-07
13	1	0	2.3622443999035934	1.2202061636317289e-11
13	2	0	2.7386709716618585	1.6417208373587358e-10
13	3	0	2.069770989638894	1.618676207339916e-12
13	4	0	4.4976816259730885	2.8359251182912558e-05
13	5	0	2.9832577142473458	8.882191514922732e-10
13	6	0	2.8751288834048196	4.2112371794562283e-10
13	7	0	4.414543887502576	1.6226401339273843e-05
13	8	0	2.386474276208796	1.4424661589416482e-11
13	9	0	3.543966496958592	4.239829798081299e-08
13	10	0	3.1969665539115613	3.8801696591871776e-09
13	11	0	2.0361738984259468	1.2834533789696287e-12
13	12	0	2.892267277308113	4.740078948580185e-10
13	13	0	2.499764738878307	3.1541511180041174e-11
13	14	0	2.0913401596871575	1.8787098134187966e-12
13	15	0	3.170229882448178	3.2267323745752953e-09
13	16	0	3.8038483643838887	2.530915075010635e-07
13	17	0	2.287714501636237	7.292741517488386e-12
13	18	0	4.325494423426144	8.896172729512e-06
13	19	0	2.0210092544196234	1.1558221803703757e-12
13	20	0	2.975674306675476	8.429301529792287e-10
14	0	0	4.3312870088434	9.251635731504843e-06
14	0	1	4.359731893471209	1.1212516651401032e-05
14	0	2	3.447344500334329	2.1796610465499934e-08
14	0	3	2.609000637815447	6.706137780777e-11
14	0	4	3.553562888855039	4.5293522557807064e-08
14	0	5	2.607291762309119	6.627472345116581e-11
14	0	6	2.96135839485416	7.636313740466404e-10
14	0	7	3.0641083549652968	1.551728764779044e-09
14	0	8	3.235931976636496	5.076388081611684e-09
14	0	9	4.1301571695846775	2.3605179389586123e-06
14	0	10	4.213906782658883	4.1741849744989826e-06
14	0	11	2.637769719767619	8.179814709031754e-11
14	0	12	3.3961189535806557	1.531501097150034e-08
14	0	13	2.2970653816917808	7.779254180317107e-12
14	0	14	3.4027954348306713	1.6036021595143678e-08
14	0	15	2.7387184357608882	1.6422589023961983e-10
14	0	16	7.378183835095152	0.8842394042029244
14	0	17	3.1896331843683012	3.6887981185091064e-09
14	0	18	3.6443249502642847	8.457524482241415e-08
14	0	19	2.468523712271305	2.5420728355964583e-11
14	0	20	2.0532565158741862	1.4441831372947829e-12
14	1	0	2.4088412244267636	1.6834092756869458e-11
14	2	0	3.4567409454505706	2.3254055204631677e-08
14	3	0	2.7608097788554726	1.9128390209758764e-10
14	4	0	2.787896710978914	2.3061678209373917e-10
14	5	0	4.617807907358602	6.316472411774114e-05
14	6	0	2.7183776036826783	1.427091356325445e-10
14	7	0	4.032239465271125	1.2099310052279041e-06
14	8	0	2.030736695898764	1.2361473771347704e-12
14	9	0	3.081105382618171	1.7448041724536946e-09
14	10	0	2.940732369029171	6.623094067878517e-10
14	11	0	2.4171036712851484	1.7822582876245665e-11
14	12	0	2.9373218675031385	6.469017149004321e-10
14	13	0	5.45488379947245	0.010912295183538758
14	14	0	4.531665806975598	3.559732509844741e-05
14	15	0	4.217862809987788	4.287931350184055e-06
14	16	0	2.0989408161550607	1.9799710257009712e-12
14	17	0	2.7699510152748306	2.0374462642087002e-10
14	18	0	2.315199938840812	8.817198649482778e-12
14	19	0	3.458038138178999	2.3462762960090385e-08
14	20	0	2.973360571358607	8.295774208527888e-10
15	0	0	2.3100904015355197	8.511481543229692e-12
15	0	1	3.037095832327628	1.2878616386717279e-09
15	0	2	3.856333520905669	3.6280629229264856e-07
15	0	3	2.0930093073584426	1.900494109466953e-12
15	0	4	2.3850244012173745	1.42809489021822e-11
15	0	5	3.0966608022599527	1.9424764068825767e-09
15	0	6	3.3391043963572624	1.0338838785040588e-08
15	0	7	2.251569245564004	5.681659848481586e-12
15	0	8	6.562801635441573	0.4840027432481063
15	0	9	2.898931970311439	4.963224781682719e-10
15	0	10	2.7675449179244067	2.0038818288421096e-10
15	0	11	3.477401582915625	2.6810161707377243e-08
15	0	12	2.8079528726756604	2.648632053886621e-10
15	0	13	3.3079543706789414	8.341000600884743e-09
15	0	14	2.5488884660942395	4.4279670553747865e-11
15	0	15	2.601357939793771	6.3614132870369e-11
15	0	16	2.0132607708286367	1.0955898282032253e-12
15	0	17	4.231612674206822	4.707786157734537e-06
15	0	18	3.90076514457719	4.920044650112173e-07
15	0	19	3.0153581172325983	1.1084733806440519e-09
15	0	20	2.3199255109251484	9.109706752042753e-12
15	1	0	2.924027055096267	5.901845517075126e-10
15	2	0	4.001622377243596	9.81419610565011e-07
15	3	0	2.0074895268500295	1.052776137634557e-12
15	4	0	2.7209276269145968	1.4524387795227818e-10
15	5	0	2.0008910741617796	1.0058718935181718e-12
15	6	0	3.2044320483729005	4.085184744766456e-09
15	7	0	2.2021900291081544	4.03982513377223e-12
15	8	0	2.743876960758697	1.7018006081213607e-10
15	9	0	2.853486845898594	3.626862266664979e-10
15	10	0	2.551867176595984	4.5199886078596177e-11
15	11	0	2.2314020684262212	4.9429275777818395e-12
15	12	0	2.552566576887461	4.541870979348716e-11
15	13	0	4.150289166688619	2.707574802097396e-06
15	14	0	5.565888593168753	0.019470386852138498
15	15	0	2.4762981561287085	2.6822817940105638e-11
15	16	0	2.9985405683075976	9.8701519598e-10
15	17	0	3.2285927914371078	4.825860714991875e-09
15	18	0	2.042007570175366	1.3362237856056575e-12
15	19	0	2.3658623706919837	1.251078663680982e-11
15	20	0	2.0674721697123464	1.5931781111620063e-12
16	0	0	5.148048192163984	0.0018737913209954736
16	0	1	3.6024869178902335	6.342412874353893e-08
16	0	2	3.4517603485133153	2.246980553046193e-08
16	0	3	5.285934222795214	0.004243247293081754
16	0	4	2.490595872022472	2.9606324584809674e-11
16	0	5	2.6020076365205353	6.390015670279747e-11
16	0	6	2.990157970911328	9.31538578781169e-10
16	0	7	3.320752766119042	9.110334356457043e-09
16	0	8	2.466798076081085	2.511959311253377e-11
16	0	9	4.879665307840757	0.00034978576200397584
16	0	10	2.1661651579529653	3.1499558840852568e-12
16	0	11	2.481365557871979	2.77780675548312e-11
16	0	12	2.056734455548581	1.4792953927786841e-12
16	0	13	3.984232986104629	8.713544349581115e-07
16	0	14	5.5026312010757295	0.01406046317597139
16	0	15	3.2202336411802515	4.55553414181675e-09
16	0	16	2.412231210402716	1.7232847989068263e-11
16	0	17	4.700258695075892	0.00010889898426521664
16	0	18	3.085607988158965	1.799857663332594e-09
16	0	19	2.1344416071391787	2.530155846782348e-12
16	0	20	4.893152890302281	0.0003813927274401003
16	1	0	2.3737709815524686	1.3213105171414265e-11
16	2	0	2.0100239223565306	1.071367439587285e-12
16	3	0	2.9416248796326876	6.664017346309011e-10
16	4	0	3.5295089256511156	3.8381723060598074e-08
16	5	0	4.899217160063128	0.00039649461912562837
16	6	0	3.1224284108571783	2.3203805197113744e-09
16	7	0	3.2677945347185604	6.323711435601958e-09
16	8	0	2.9571742355260984	7.418954431139738e-10
16	9	0	5.240247819281587	0.00324992361049243
16	10	0	5.00732584209473	0.0007866582904874767
16	11	0	4.755844691393152	0.00015678842303331038
16	12	0	2.795426616034701	2.429218889213601e-10
16	13	0	4.711791705994148	0.0001174761128343642
16	14	0	5.940721724135829	0.10114881387522306
16	15	0	2.0697346239252825	1.6182696858518428e-12
16	16	0	5.4057483446316645	0.008352109486141925
16	17	0	2.3887457285456812	1.4652722574476564e-11
16	18	0	4.660058007503368	8.354762397137743e-05
16	19	0	3.5567456252716916	4.6296711833290994e-08
16	20	0	2.102194629777753	2.0249721074468437e-12
17	0	0	4.2553618285295975	5.531429899956136e-06
17	0	1	2.46203021763083	2.4305983078067066e-11
17	0	2	4.347250119245999	1.0305859479941255e-05
17	0	3	5.087882279374552	0.001297689716731732
17	0	4	3.65424792659647	9.054824235025273e-08
17	0	5	4.089764500129214	1.7921357961961694e-06
17	0	6	3.571570249956242	5.126979492572771e-08
17	0	7	3.8346652795588994	3.126960659281625e-07
17	0	8	3.850669595752971	3.489823340953109e-07
17	0	9	3.1174136128379937	2.2414787166557415e-09
17	0	10	3.6539457683410177	9.036029058852908e-08
17	0	11	3.288951171133909	7.31680839782014e-09
17	0	12	4.69022343684104	0.00010193891627093708
17	0	13	3.8787427712068356	4.23068397074977e-07
17	0	14	2.771965886324293	2.0659852258523347e-10
17	0	15	2.3417177853553173	1.0589299164454692e-11
17	0	16	2.992183080939619	9.446484761751538e-10
17	0	17	3.1845375266600757	3.561405269323355e-09
17	0	18	2.602056951896831	6.392191983957407e-11
17	0	19	3.871598853833217	4.0284540677598954e-07
17	0	20	3.463686860363437	2.439363324187072e-08
17	1	0	2.4439081773536087	2.1446799647169924e-11
17	2	0	2.065346708064226	1.569960366855936e-12
17	3	0	2.226614963219199	4.782173898186486e-12
17	4	0	5.8002113938120505	0.05795100806798147
17	5	0	2.571618063845264	5.1804609950590366e-11
17	6	0	3.91344450336248	5.36663970029057e-07
17	7	0	3.2938539623791065	7.568352309705208e-09
17	8	0	3.342931865070285	1.0615221111147242e-08
17	9	0	2.417875977407023	1.7917893689851984e-11
17	10	0	2.012840416591279	1.0924135005273218e-12
17	11	0	4.297662532320649	7.368590413132988e-06
17	12	0	3.0167246546968944	1.1189756376635756e-09
17	13	0	2.816195889872655	2.8037200636353587e-10
17	14	0	2.669720715167212	1.0198898629310162e-10
17	15	0	3.014253405267538	1.1000554015549887e-09
17	16	0	2.599622726396687	6.285647837367031e-11
17	17	0	2.4860632511203073	2.869398177907842e-11
17	18	0	2.1058675485675105	2.076999547515029e-12
17	19	0	2.0720164590811563	1.6439764746008577e-12
17	20	0	4.840906633391787	0.000272513160246565
18	0	0	2.9721663729512064	8.227685630668843e-10
18	0	1	4.2232300738520285	4.447197606812108e-06
18	0	2	2.6622273144193898	9.684640097244242e-11
18	0	3	2.704939795270524	1.3006459558656017e-10
18	0	4	2.372599937353285	1.3106676752993605e-11
18	0	5	4.214436987687482	4.189253868676439e-06
18	0	6	2.318496194589531	9.02022440420104e-12
18	0	7	2.8446518781064194	3.412281650729137e-10
18	0	8	2.233167281710716	5.003558517445174e-12
18	0	9	2.2379240089437262	5.1706686845486804e-12
18	0	10	3.8120943487222223	2.6782897617918016e-07
18	0	11	2.4034839021548273	1.6222651655229892e-11
18	0	12	3.560644709197146	4.755598796769426e-08
18	0	13	2.0038811459556234	1.0268617728133557e-12
18	0	14	2.21581224126808	4.4383606758640314e-12
18	0	15	3.913495472761264	5.36851418037616e-07
18	0	16	2.9254603718304772	5.9605203480934e-10
18	0	17	2.0752206879648205	1.6807655828468126e-12
18	0	18	4.61062536369962	6.0225211349797256e-05
18	0	19	2.1794623142846303	3.4529477157240585e-12
18	0	20	5.080710290761964	0.0012416081435767765
18	1	0	4.60042444800157	5.628098652096259e-05
18	2	0	2.35228137526657	1.1390713885160658e-11
18	3	0	2.0438263017232625	1.3531152559787295e-12
18	4	0	3.051543315271546	1.4228650365306336e-09
18	5	0	4.380334392671193	1.2885303365846932e-05
18	6	0	2.2987436026980697	7.869943698240647e-12
18	7	0	3.9538575984201745	7.077984250320551e-07
18	8	0	2.084731745837475	1.7948860827140095e-12
18	9	0	2.5016370509661607	3.195197109349948e-11
18	10	0	3.1722362815428764	3.271698151493428e-09
18	11	0	2.154081719592067	2.897739874852956e-12
18	12	0	4.4272131033895725	1.767070291329636e-05
18	13	0	3.4802663752822722	2.734437512070354e-08
18	14	0	2.9728170181696116	8.264713339910146e-10
18	15	0	4.728397705220316	0.00013100347135858173
18	16	0	2.2499490245889042	5.618435926559429e-12
18	17	0	2.0158178551909214	1.1151119024528462e-12
18	18	0	3.1469987302831335	2.748968568604732e-09
18	19	0	3.50859760295312	3.3235109646361066e-08
18	20	0	2.9322658348709254	6.247168886014782e-10
19	0	0	4.819671545536355	0.00023753046385677941
19	0	1	3.431719263463921	1.957230039177875e-08
19	0	2	2.2596131769377275	6.006239940068783e-12
19	0	3	3.6726958479146528	1.0279451433385678e-07
19	0	4	2.2316457923880275	4.951255007730977e-12
19	0	5	3.050093822115805	1.4087051784622779e-09
19	0	6	5.116312726239989	0.001544838637498644
19	0	7	4.0772768746604875	1.6457227939765828e-06
19	0	8	2.6597353132967694	9.519429152116548e-11
19	0	9	2.5211633672528615	3.656432757446054e-11
19	0	10	2.0466027686110073	1.3793143898125323e-12
19	0	11	2.4583350334191434	2.3693588203632733e-11
19	0	12	3.724660513518302	1.4692253282253762e-07
19	0	13	4.588619193433699	5.203380278077906e-05
19	0	14	2.8372707092360705	3.2427741863197394e-10
19	0	15	3.989300025457095	9.020901290485632e-07
19	0	16	2.0334918024751567	1.2598959549042494e-12
19	0	17	2.880120001185995	4.3588484256463864e-10
19	0	18	3.945603441723742	6.68906993719474e-07
19	0	19	2.8975295861334787	4.915414176703409e-10
19	0	20	3.423513542391814	1.8496537177769906e-08
19	1	0	4.613628312064792	6.143740693049455e-05
19	2	0	2.8343196764875946	3.1773837540090614e-10
19	3	0	5.754351432284984	0.04753491882962689
19	4	0	3.7121496935951406	1.3481902554166295e-07
19	5	0	3.2609970414546163	6.034162220864354e-09
19	6	0	3.173965020541681	3.3109432058847282e-09
19	7	0	3.776918079227424	2.103692841415206e-07
19	8	0	2.628233353000903	7.658551716766004e-11
19	9	0	4.281858076259229	6.620296045924435e-06
19	10	0	3.120062917552154	2.282822268413625e-09
19	11	0	3.3204155099071326	9.089179073183563e-09
19	12	0	3.6944520743564544	1.193782262592932e-07
19	13	0	2.486270481759725	2.8735073989784454e-11
19	14	0	2.8003252272849233	2.512773028218665e-10
19	15	0	2.972181453436054	8.228541969005652e-10
19	16	0	3.018019333476329	1.1290173844029771e-09
19	17	0	2.305947806288578	8.271416718526154e-12
19	18	0	4.621448658368269	6.470831937834443e-05
19	19	0	5.486486371380716	0.012914914443616088
19	20	0	2.0036909608148834	1.0255137523434421e-12
20	0	0	3.2078994814626682	4.184054234080658e-09
20	0	1	2.016989936120921	1.1241760511327048e-12
20	0	2	3.1292527470688762	2.432231459626519e-09
20	0	3	2.1431853769142193	2.6876639827719586e-12
20	0	4	2.168722023913001	3.206076948488596e-12
20	0	5	3.320062947159013	9.067116128819303e-09
20	0	6	3.264928573102744	6.199975970549502e-09
20	0	7	2.2895631306772257	7.386447751088173e-12
20	0	8	2.471034155203732	2.5865274854421795e-11
20	0	9	3.4740295543101016	2.6194704750353678e-08
20	0	10	2.6914798843696586	1.1852214631896778e-10
20	0	11	2.4874248688302796	2.8965059088390813e-11
20	0	12	3.383735800254497	1.4062379304618375e-08
20	0	13	2.2047148251841526	4.1108889512316455e-12
20	0	14	2.420764027647227	1.8278848423363963e-11
20	0	15	3.4135634721909414	1.72710311121346e-08
20	0	16	2.764533061130829	1.9626452425606663e-10
20	0	17	3.4328119996147564	1.9720196377978355e-08
20	0	18	2.311126501422854	8.572605252800983e-12
20	0	19	2.497591755593101	3.1071741962158374e-11
20	0	20	3.463573034727669	2.4374516138559188e-08
20	1	0	2.17459963692234	3.338905771830351e-12
20	2	0	2.3898399554381298	1.4763869692419078e-11
20	3	0	3.853169930543552	3.550189094615098e-07
20	4	0	4.395316420125379	1.4255060651944696e-05
20	5	0	4.141886596322274	2.556941320874923e-06
20	6	0	4.372894506442683	1.2254452079080908e-05
20	7	0	3.5419853073015664	4.182399672656344e-08
20	8	0	3.6176662355087403	7.040567413010087e-08
20	9	0	3.3044792285910716	8.143550333874266e-09
20	10	0	4.836587852839828	0.0002650130386850964
20	11	0	5.061639834129591	0.0011035782883710163
20	12	0	2.2032684970077034	4.070028539842085e-12
20	13	0	4.728033780884881	0.00013069123372750987
20	14	0	2.228898469592887	4.8581925827867715e-12
20	15	0	2.752895779809723	1.8111314885855019e-10
20	16	0	5.135403984233808	0.0017354249616048248
20	17	0	3.042877650022893	1.3402803875879336e-09
20	18	0	2.0901196317714223	1.8629387285966336e-12
20	19	0	2.5197574382709638	3.621105697774166e-11
20	20	0	2.403417738685313	1.621524080742014e-11
