cycle_1_lane	cycle_2_lane	cycle_3_lane	fitness	clean_reads
1	1	1	0.0000	0.0000
1	1	2	0.0000	0.0000
1	1	3	0.0000	0.0000
1	1	4	0.0000	0.0000
1	1	5	0.0000	0.0000
1	1	6	0.0000	0.0000
1	1	7	0.0000	0.0000
1	1	8	0.0000	0.0000
1	1	9	0.0000	0.0000
1	1	10	0.8703	3.9660
1	1	11	0.0000	0.0000
1	1	12	0.0000	0.0000
1	1	13	0.0000	0.0000
1	1	14	0.0000	0.0000
1	1	15	0.0000	0.0000
1	1	16	0.0248	0.1288
1	1	17	0.0000	0.0000
1	1	18	1.8653	8.5491
1	1	19	0.0000	0.0000
1	1	20	0.0000	0.0000
1	2	1	0.0000	0.0000
1	2	2	0.0000	0.0000
1	2	3	0.0000	0.0000
1	2	4	0.0000	0.0000
1	2	5	118.1153	543.7980
1	2	6	0.0000	0.0000
1	2	7	0.0000	0.0000
1	2	8	0.0000	0.0000
1	2	9	0.0000	0.0000
1	2	10	0.0000	0.0000
1	2	11	0.0000	0.0000
1	2	12	0.0000	0.0000
1	2	13	0.0000	0.0000
1	2	14	0.0000	0.0000
1	2	15	0.0000	0.0000
1	2	16	0.0000	0.0000
1	2	17	0.0000	0.0000
1	2	18	0.0000	0.0000
1	2	19	0.0000	0.0000
1	2	20	0.0000	0.0000
1	3	1	0.0000	0.0000
1	3	2	0.1962	0.7331
1	3	3	0.3047	1.6222
1	3	4	0.0000	0.0000
1	3	5	0.0000	0.0000
1	3	6	0.6566	2.0761
1	3	7	0.0000	0.0000
1	3	8	0.6752	3.8468
1	3	9	0.0000	0.0000
1	3	10	0.0000	0.0000
1	3	11	0.0000	0.0000
1	3	12	0.0000	0.0000
1	3	13	0.0000	0.0000
1	3	14	0.0202	0.0673
1	3	15	0.0000	0.0000
1	3	16	6.7067	42.5090
1	3	17	0.0000	0.0000
1	3	18	0.0000	0.0000
1	3	19	0.0000	0.0000
1	3	20	0.0000	0.0000
1	4	1	0.0000	0.0000
1	4	2	0.0000	0.0000
1	4	3	0.0000	0.0000
1	4	4	0.1055	0.6771
1	4	5	1.4298	7.0953
1	4	6	0.1484	0.4266
1	4	7	0.0000	0.0000
1	4	8	0.0000	0.0000
1	4	9	0.0000	0.0000
1	4	10	0.0000	0.0000
1	4	11	0.0000	0.0000
1	4	12	0.0000	0.0000
1	4	13	1.3264	4.8520
1	4	14	1.1319	3.4111
1	4	15	0.0000	0.0000
1	4	16	0.8675	4.8832
1	4	17	0.0000	0.0000
1	4	18	0.0000	0.0000
1	4	19	0.3604	1.3891
1	4	20	0.0000	0.0000
1	5	1	0.0000	0.0000
1	5	2	0.1873	0.7274
1	5	3	0.0000	0.0000
1	5	4	0.0000	0.0000
1	5	5	0.7643	4.4456
1	5	6	0.0000	0.0000
1	5	7	0.0000	0.0000
1	5	8	1.3459	8.0089
1	5	9	0.0000	0.0000
1	5	10	0.1120	0.6458
1	5	11	0.0000	0.0000
1	5	12	0.0000	0.0000
1	5	13	0.0000	0.0000
1	5	14	0.0000	0.0000
1	5	15	0.0000	0.0000
1	5	16	0.0000	0.0000
1	5	17	0.0000	0.0000
1	5	18	0.0000	0.0000
1	5	19	0.0000	0.0000
1	5	20	0.0000	0.0000
1	6	1	0.0000	0.0000
1	6	2	0.0000	0.0000
1	6	3	0.0000	0.0000
1	6	4	0.9873	7.1245
1	6	5	0.5660	3.1386
1	6	6	0.1060	0.3339
1	6	7	0.5286	2.2537
1	6	8	0.0000	0.0000
1	6	9	0.0000	0.0000
1	6	10	0.0000	0.0000
1	6	11	0.0000	0.0000
1	6	12	0.8160	3.4626
1	6	13	0.9854	3.9900
1	6	14	0.0000	0.0000
1	6	15	0.2111	1.0489
1	6	16	0.1091	0.6882
1	6	17	0.0000	0.0000
1	6	18	0.0000	0.0000
1	6	19	2.2977	9.8222
1	6	20	0.0000	0.0000
1	7	1	0.0000	0.0000
1	7	2	0.0000	0.0000
1	7	3	0.0000	0.0000
1	7	4	0.0000	0.0000
1	7	5	0.0000	0.0000
1	7	6	0.0000	0.0000
1	7	7	0.0000	0.0000
1	7	8	1.1688	6.2904
1	7	9	0.0000	0.0000
1	7	10	1.0231	5.3414
1	7	11	0.0000	0.0000
1	7	12	0.0000	0.0000
1	7	13	0.0000	0.0000
1	7	14	0.0000	0.0000
1	7	15	0.0000	0.0000
1	7	16	0.0000	0.0000
1	7	17	0.0000	0.0000
1	7	18	1.0840	5.6933
1	7	19	0.0000	0.0000
1	7	20	0.0000	0.0000
1	8	1	0.0000	0.0000
1	8	2	0.0000	0.0000
1	8	3	0.0000	0.0000
1	8	4	0.0000	0.0000
1	8	5	0.0000	0.0000
1	8	6	0.0000	0.0000
1	8	7	0.0000	0.0000
1	8	8	0.0000	0.0000
1	8	9	0.0000	0.0000
1	8	10	0.0000	0.0000
1	8	11	0.0000	0.0000
1	8	12	0.0000	0.0000
1	8	13	0.0000	0.0000
1	8	14	0.0000	0.0000
1	8	15	0.0000	0.0000
1	8	16	0.0000	0.0000
1	8	17	0.0000	0.0000
1	8	18	0.0000	0.0000
1	8	19	0.0000	0.0000
1	8	20	0.0000	0.0000
1	9	1	0.0000	0.0000
1	9	2	0.0000	0.0000
1	9	3	0.0000	0.0000
1	9	4	0.0000	0.0000
1	9	5	0.5879	3.0386
1	9	6	0.0000	0.0000
1	9	7	0.0000	0.0000
1	9	8	0.2978	1.5737
1	9	9	0.0000	0.0000
1	9	10	0.0000	0.0000
1	9	11	0.0000	0.0000
1	9	12	0.0000	0.0000
1	9	13	0.0000	0.0000
1	9	14	0.0000	0.0000
1	9	15	0.0000	0.0000
1	9	16	0.4190	2.4591
1	9	17	0.0000	0.0000
1	9	18	0.0000	0.0000
1	9	19	0.0000	0.0000
1	9	20	0.0000	0.0000
1	10	1	0.0000	0.0000
1	10	2	0.0000	0.0000
1	10	3	1.0709	6.9196
1	10	4	0.0000	0.0000
1	10	5	0.0000	0.0000
1	10	6	0.0000	0.0000
1	10	7	0.4777	2.4572
1	10	8	0.0000	0.0000
1	10	9	0.0000	0.0000
1	10	10	0.0000	0.0000
1	10	11	0.0000	0.0000
1	10	12	0.1601	0.8195
1	10	13	0.0000	0.0000
1	10	14	0.6280	2.4699
1	10	15	0.0000	0.0000
1	10	16	0.0000	0.0000
1	10	17	0.3971	2.0137
1	10	18	0.0000	0.0000
1	10	19	0.0000	0.0000
1	10	20	0.0000	0.0000
1	11	1	1.8808	14.2451
1	11	2	0.0000	0.0000
1	11	3	0.0980	0.5877
1	11	4	0.0000	0.0000
1	11	5	1.2042	7.5652
1	11	6	0.0000	0.0000
1	11	7	0.0000	0.0000
1	11	8	0.0000	0.0000
1	11	9	0.0000	0.0000
1	11	10	0.0000	0.0000
1	11	11	0.2629	1.4339
1	11	12	0.0333	0.1586
1	11	13	0.0000	0.0000
1	11	14	0.0000	0.0000
1	11	15	1.1596	6.5080
1	11	16	0.0000	0.0000
1	11	17	1.0910	5.1562
1	11	18	0.4291	2.6902
1	11	19	0.0000	0.0000
1	11	20	0.0000	0.0000
1	12	1	0.7562	5.3773
1	12	2	0.0000	0.0000
1	12	3	0.0000	0.0000
1	12	4	0.0000	0.0000
1	12	5	0.4752	2.8084
1	12	6	0.0000	0.0000
1	12	7	0.0000	0.0000
1	12	8	0.0000	0.0000
1	12	9	0.7598	3.6436
1	12	10	0.0000	0.0000
1	12	11	1.4031	7.2130
1	12	12	0.0000	0.0000
1	12	13	0.0000	0.0000
1	12	14	0.0000	0.0000
1	12	15	1.5451	8.1695
1	12	16	0.4022	2.7095
1	12	17	0.0000	0.0000
1	12	18	1.3100	7.7266
1	12	19	0.0000	0.0000
1	12	20	0.0000	0.0000
1	13	1	0.0000	0.0000
1	13	2	0.0000	0.0000
1	13	3	0.0000	0.0000
1	13	4	0.0000	0.0000
1	13	5	0.0000	0.0000
1	13	6	0.0000	0.0000
1	13	7	0.0000	0.0000
1	13	8	0.0000	0.0000
1	13	9	0.0000	0.0000
1	13	10	0.0000	0.0000
1	13	11	0.0000	0.0000
1	13	12	0.0000	0.0000
1	13	13	0.0000	0.0000
1	13	14	0.0000	0.0000
1	13	15	0.7555	3.2569
1	13	16	0.0000	0.0000
1	13	17	0.0000	0.0000
1	13	18	0.0000	0.0000
1	13	19	0.0000	0.0000
1	13	20	0.0000	0.0000
1	14	1	0.0000	0.0000
1	14	2	0.0000	0.0000
1	14	3	0.0000	0.0000
1	14	4	0.1653	0.6220
1	14	5	0.0000	0.0000
1	14	6	0.0000	0.0000
1	14	7	0.0000	0.0000
1	14	8	1.2859	3.9560
1	14	9	0.0000	0.0000
1	14	10	0.0000	0.0000
1	14	11	0.0000	0.0000
1	14	12	0.0000	0.0000
1	14	13	0.0000	0.0000
1	14	14	0.0000	0.0000
1	14	15	0.0000	0.0000
1	14	16	0.0000	0.0000
1	14	17	0.0000	0.0000
1	14	18	0.0000	0.0000
1	14	19	0.0000	0.0000
1	14	20	0.0000	0.0000
1	15	1	0.0000	0.0000
1	15	2	0.0000	0.0000
1	15	3	0.0000	0.0000
1	15	4	5.6392	36.5689
1	15	5	0.0000	0.0000
1	15	6	0.0000	0.0000
1	15	7	0.0000	0.0000
1	15	8	0.0000	0.0000
1	15	9	0.0000	0.0000
1	15	10	0.0000	0.0000
1	15	11	0.0000	0.0000
1	15	12	0.0000	0.0000
1	15	13	0.0000	0.0000
1	15	14	0.0000	0.0000
1	15	15	0.0000	0.0000
1	15	16	0.0000	0.0000
1	15	17	0.0000	0.0000
1	15	18	0.6165	3.0829
1	15	19	0.3979	1.5478
1	15	20	1.0992	3.8260
1	16	1	0.0000	0.0000
1	16	2	0.0000	0.0000
1	16	3	0.0000	0.0000
1	16	4	0.0017	0.0128
1	16	5	0.0000	0.0000
1	16	6	0.3351	1.0936
1	16	7	0.0000	0.0000
1	16	8	0.0000	0.0000
1	16	9	0.0000	0.0000
1	16	10	1.1881	6.8159
1	16	11	0.0727	0.3661
1	16	12	0.5340	2.3568
1	16	13	0.0000	0.0000
1	16	14	0.0000	0.0000
1	16	15	0.0000	0.0000
1	16	16	0.0000	0.0000
1	16	17	0.0000	0.0000
1	16	18	0.0000	0.0000
1	16	19	0.0000	0.0000
1	16	20	0.0000	0.0000
1	17	1	0.4019	2.8126
1	17	2	0.0000	0.0000
1	17	3	0.1018	0.5659
1	17	4	0.0000	0.0000
1	17	5	0.0000	0.0000
1	17	6	0.0000	0.0000
1	17	7	0.0000	0.0000
1	17	8	0.5571	3.3173
1	17	9	0.0000	0.0000
1	17	10	0.0000	0.0000
1	17	11	0.0000	0.0000
1	17	12	2.3626	10.4878
1	17	13	0.0000	0.0000
1	17	14	0.0000	0.0000
1	17	15	0.4599	2.3953
1	17	16	0.1805	1.1970
1	17	17	0.0000	0.0000
1	17	18	1.6372	9.5084
1	17	19	0.0000	0.0000
1	17	20	0.0000	0.0000
1	18	1	0.6069	3.1423
1	18	2	0.0000	0.0000
1	18	3	0.0000	0.0000
1	18	4	0.0000	0.0000
1	18	5	0.0000	0.0000
1	18	6	0.0000	0.0000
1	18	7	0.0000	0.0000
1	18	8	0.0000	0.0000
1	18	9	0.0000	0.0000
1	18	10	0.0000	0.0000
1	18	11	0.0000	0.0000
1	18	12	0.6205	2.1066
1	18	13	0.0000	0.0000
1	18	14	0.0000	0.0000
1	18	15	0.0000	0.0000
1	18	16	0.0000	0.0000
1	18	17	0.0000	0.0000
1	18	18	0.0000	0.0000
1	18	19	0.0000	0.0000
1	18	20	0.7653	2.3542
1	19	1	2.0962	12.1545
1	19	2	0.0000	0.0000
1	19	3	0.0000	0.0000
1	19	4	0.0000	0.0000
1	19	5	0.0000	0.0000
1	19	6	0.0000	0.0000
1	19	7	0.0000	0.0000
1	19	8	0.0000	0.0000
1	19	9	0.0000	0.0000
1	19	10	0.0000	0.0000
1	19	11	0.0000	0.0000
1	19	12	0.0000	0.0000
1	19	13	0.1850	0.6636
1	19	14	0.0000	0.0000
1	19	15	0.1824	0.7966
1	19	16	0.2704	1.4885
1	19	17	0.0000	0.0000
1	19	18	0.0000	0.0000
1	19	19	0.0000	0.0000
1	19	20	0.0000	0.0000
1	20	1	0.0000	0.0000
1	20	2	0.0000	0.0000
1	20	3	0.0000	0.0000
1	20	4	0.0000	0.0000
1	20	5	0.0000	0.0000
1	20	6	0.0000	0.0000
1	20	7	0.5605	2.2278
1	20	8	0.0000	0.0000
1	20	9	0.3614	1.5189
1	20	10	0.2993	1.5271
1	20	11	1.8206	8.1814
1	20	12	0.0000	0.0000
1	20	13	0.0000	0.0000
1	20	14	0.0000	0.0000
1	20	15	0.0000	0.0000
1	20	16	0.0000	0.0000
1	20	17	0.0000	0.0000
1	20	18	0.3060	1.5708
1	20	19	0.0000	0.0000
1	20	20	0.0000	0.0000
2	1	4	0.1901	1.0000
2	1	5	0.5270	2.1681
2	1	19	0.9154	2.9694
2	2	1	0.2046	1.0000
2	2	4	0.0000	0.0000
2	2	5	0.0000	0.0000
2	2	6	0.0000	0.0000
2	2	16	4.9462	23.0000
2	3	1	0.3373	2.0000
2	3	5	0.0000	0.0000
2	3	14	0.6817	2.0540
2	3	20	6.9556	24.0000
2	4	5	0.1049	0.4650
2	4	16	0.1995	1.0000
2	5	1	142.8246	885.0000
2	5	5	0.0000	0.0000
2	5	8	18.3293	97.0000
2	6	5	0.0000	0.0000
2	6	7	2.8727	11.0000
2	6	15	0.6756	3.0000
2	6	18	0.8503	4.1926
2	7	5	0.0000	0.0000
2	7	17	0.2772	1.0000
2	7	19	0.2730	1.0000
2	8	5	0.6205	2.8915
2	8	12	0.2769	1.0000
2	8	14	0.0000	0.0000
2	9	5	0.0000	0.0000
2	9	10	0.3714	1.7003
2	9	19	0.0000	0.0000
2	9	20	0.2447	0.7918
2	10	5	0.0000	0.0000
2	11	2	0.0000	0.0000
2	11	5	1.0552	5.8876
2	11	8	4.3803	25.0000
2	11	10	0.0000	0.0000
2	11	12	0.2343	1.0000
2	11	16	0.1575	1.0000
2	12	1	0.1588	1.0000
2	12	2	0.2818	1.0000
2	12	4	55.8482	381.0000
2	12	5	0.0000	0.0000
2	12	17	0.2498	1.0000
2	12	19	0.2459	1.0000
2	13	5	1.3526	5.7993
2	14	5	0.0000	0.0000
2	15	5	0.0000	0.0000
2	15	17	0.2448	0.8452
2	16	4	0.1499	1.0000
2	16	5	0.0000	0.0000
2	16	6	0.3376	1.0000
2	16	20	0.2805	1.0000
2	17	1	0.4838	3.0000
2	17	5	0.0000	0.0000
2	17	11	0.0000	0.0000
2	17	16	0.2297	1.3509
2	18	5	0.0000	0.0000
2	18	8	0.5011	2.0000
2	19	5	0.0000	0.0000
2	19	6	0.3874	1.0000
2	19	7	4.7060	16.0000
2	20	5	0.0000	0.0000
3	1	3	0.9416	4.0000
3	1	4	0.5268	3.0000
3	1	11	0.0000	0.0000
3	1	14	15.6676	43.0000
3	1	16	0.3992	2.0000
3	1	19	0.3257	1.1312
3	2	2	0.3266	1.0000
3	2	4	0.0000	0.0000
3	2	6	0.0000	0.0000
3	2	11	0.0000	0.0000
3	2	14	1.4545	4.0000
3	2	16	0.3982	2.0000
3	3	11	0.0000	0.0000
3	3	14	0.3103	0.9988
3	3	16	0.6556	4.0000
3	4	8	12.8781	63.0000
3	4	11	0.0000	0.0000
3	5	11	0.0000	0.0000
3	5	19	103.1133	445.0000
3	6	10	31.6949	168.0000
3	6	11	0.0000	0.0000
3	6	18	0.3018	1.6095
3	7	5	1.3797	7.0000
3	7	11	0.0000	0.0000
3	7	16	0.1737	1.0000
3	7	17	0.2582	1.0000
3	7	19	0.5083	2.0000
3	8	11	0.0000	0.0000
3	8	14	0.0000	0.0000
3	9	10	0.0000	0.0000
3	9	11	0.0000	0.0000
3	9	19	0.0000	0.0000
3	9	20	0.0000	0.0000
3	10	11	0.0000	0.0000
3	10	12	0.2026	1.0000
3	10	17	0.4090	2.0000
3	11	2	0.0000	0.0000
3	11	3	0.1731	1.0000
3	11	10	0.0000	0.0000
3	11	11	0.0000	0.0000
3	11	12	0.2173	1.0000
3	11	16	0.1450	1.0000
3	11	17	0.2193	1.0000
3	12	2	2.3626	9.0000
3	12	11	0.0000	0.0000
3	12	16	0.1543	1.0000
3	13	11	0.0000	0.0000
3	14	1	0.0000	0.0000
3	14	2	0.0000	0.0000
3	14	3	0.0000	0.0000
3	14	4	0.0000	0.0000
3	14	5	0.0000	0.0000
3	14	6	0.0000	0.0000
3	14	7	0.0000	0.0000
3	14	8	0.0915	0.2731
3	14	9	0.0000	0.0000
3	14	10	0.0000	0.0000
3	14	11	0.0000	0.0000
3	14	12	0.0000	0.0000
3	14	13	0.0000	0.0000
3	14	14	0.0000	0.0000
3	14	15	0.4911	1.3189
3	14	16	84.1088	273.7826
3	14	17	0.0000	0.0000
3	14	18	0.0934	0.2733
3	14	19	0.0000	0.0000
3	14	20	0.0000	0.0000
3	15	11	0.0000	0.0000
3	15	16	0.3652	2.0000
3	15	17	0.2767	1.0248
3	16	3	2.6287	14.0000
3	16	4	0.9653	7.0000
3	16	11	0.0000	0.0000
3	16	16	0.4732	3.0000
3	17	1	0.2971	2.0000
3	17	11	0.0000	0.0000
3	17	12	1.8664	8.0000
3	17	16	0.0927	0.5914
3	18	2	1.7121	5.0000
3	18	11	0.0000	0.0000
3	18	14	0.3802	1.0000
3	18	20	0.3351	1.0000
3	19	11	0.0000	0.0000
3	19	16	0.3771	2.0000
3	20	9	166.4879	676.0001
3	20	11	0.0000	0.0000
3	20	16	0.1778	1.0000
4	1	9	0.2567	1.0000
4	1	15	0.9365	4.0000
4	1	19	0.3571	1.3211
4	2	1	0.1761	1.0000
4	2	4	0.0000	0.0000
4	2	5	0.4203	2.0000
4	2	6	0.0000	0.0000
4	3	14	0.3213	1.0994
4	4	9	0.2384	1.0000
4	5	5	0.3321	2.0000
4	5	9	0.6144	3.0000
4	6	5	0.1742	1.0000
4	6	18	0.3694	2.1158
4	7	5	35.2570	192.0000
4	7	9	0.4508	2.0000
4	7	19	0.2379	1.0000
4	8	4	85.0256	597.0000
4	8	9	0.2271	1.0000
4	8	10	0.1866	1.0000
4	8	14	0.1126	0.3645
4	9	5	0.1870	1.0000
4	9	6	0.9815	3.0000
4	9	9	0.2293	1.0000
4	9	10	0.0510	0.2703
4	9	11	0.4287	2.0000
4	9	19	0.0000	0.0000
4	9	20	0.0000	0.0000
4	10	5	0.1425	1.0000
4	10	19	0.1874	1.0000
4	11	2	0.0000	0.0000
4	11	10	0.0000	0.0000
4	11	12	2.6366	13.0000
4	12	4	0.1249	1.0000
4	12	5	0.1634	1.0000
4	12	9	0.4034	2.0000
4	12	10	0.1647	1.0000
4	12	12	24.2810	113.0000
4	12	20	0.4799	2.0000
4	13	5	0.2018	1.0000
4	13	6	1.3933	4.0000
4	13	17	0.2639	1.0000
4	14	5	0.3219	1.0000
4	14	7	26.2680	66.0000
4	14	9	0.3804	1.0000
4	14	13	4.9726	12.0000
4	15	17	0.0599	0.2367
4	16	5	0.1670	1.0000
4	16	9	0.6177	3.0000
4	16	10	0.1684	1.0000
4	16	14	0.5657	2.0000
4	16	16	0.1464	1.0000
4	17	1	0.1378	1.0000
4	17	11	0.0000	0.0000
4	17	16	11.4789	78.8869
4	18	14	0.7197	2.0000
4	18	20	3.4753	11.0000
4	19	9	0.4868	2.0000
4	19	14	42.0564	128.0000
4	20	5	0.1879	1.0000
5	1	5	0.0000	0.0000
5	1	8	0.2585	1.0000
5	1	18	0.3958	1.4977
5	1	19	0.0383	0.1153
5	2	2	1.1210	3.0000
5	2	4	0.0000	0.0000
5	2	5	0.4021	1.5277
5	2	6	0.0000	0.0000
5	2	16	0.2342	1.0000
5	2	18	0.0000	0.0000
5	3	5	0.0000	0.0000
5	3	14	0.0000	0.0000
5	3	16	0.1943	1.0000
5	3	18	0.0000	0.0000
5	4	5	0.0000	0.0000
5	4	8	0.2402	1.0000
5	4	18	1.6460	6.6995
5	5	5	0.0000	0.0000
5	5	8	0.2064	1.0000
5	5	18	0.6624	3.1346
5	6	5	0.0000	0.0000
5	6	18	0.8421	3.8080
5	7	5	0.2484	1.0709
5	7	8	0.2271	1.0000
5	7	18	0.0000	0.0000
5	8	5	0.0000	0.0000
5	8	8	0.2288	1.0000
5	8	12	0.8982	3.0000
5	8	14	0.0000	0.0000
5	8	18	0.0000	0.0000
5	9	5	0.0000	0.0000
5	9	8	0.2310	1.0000
5	9	10	0.0000	0.0000
5	9	11	0.2681	1.0000
5	9	18	0.0000	0.0000
5	9	19	0.0000	0.0000
5	9	20	0.0000	0.0000
5	10	1	0.0000	0.0000
5	10	2	1.3735	5.0606
5	10	3	0.3079	1.6144
5	10	4	0.4784	3.4115
5	10	5	0.4985	2.7336
5	10	6	0.1046	0.3264
5	10	7	0.3563	1.5031
5	10	8	0.3849	2.1588
5	10	9	0.1759	0.7856
5	10	10	0.0000	0.0000
5	10	11	0.0000	0.0000
5	10	12	2.0318	8.5314
5	10	13	0.3296	1.3207
5	10	14	0.3171	1.0398
5	10	15	107.8098	529.8419
5	10	16	0.0000	0.0000
5	10	17	0.0000	0.0000
5	10	18	0.0000	0.0000
5	10	19	1.7418	7.3678
5	10	20	0.5101	1.9247
5	11	1	0.2062	1.2594
5	11	2	0.0000	0.0000
5	11	3	0.5905	2.8835
5	11	4	1.5299	10.1156
5	11	5	0.0000	0.0000
5	11	6	0.0000	0.0000
5	11	7	0.1726	0.6810
5	11	8	0.0000	0.0000
5	11	9	0.6136	2.5597
5	11	10	0.0000	0.0000
5	11	11	0.1042	0.4646
5	11	12	0.1633	0.6415
5	11	13	0.8967	3.3648
5	11	14	2.4136	7.4468
5	11	15	0.0000	0.0000
5	11	16	0.0000	0.0000
5	11	17	0.0000	0.0000
5	11	18	0.0000	0.0000
5	11	19	0.0000	0.0000
5	11	20	0.0000	0.0000
5	12	5	1.1921	5.7392
5	12	8	0.4064	2.0000
5	12	18	0.0532	0.2555
5	13	5	0.1650	0.6511
5	13	8	0.4965	2.0000
5	13	10	13.2769	52.0000
5	13	18	0.0000	0.0000
5	14	5	0.0000	0.0000
5	14	18	0.0000	0.0000
5	15	1	0.6151	3.0000
5	15	5	0.0000	0.0000
5	15	17	0.6289	2.0108
5	15	18	3.5857	14.7282
5	16	2	0.3101	1.0000
5	16	5	0.0000	0.0000
5	16	6	1.0877	3.0000
5	16	8	0.2075	1.0000
5	16	18	0.0000	0.0000
5	17	5	0.0000	0.0000
5	17	8	0.2062	1.0000
5	17	11	0.0000	0.0000
5	17	16	0.1128	0.6063
5	17	18	0.0000	0.0000
5	18	5	0.0000	0.0000
5	18	8	0.2717	1.0000
5	18	12	37.0581	106.0000
5	18	14	0.4301	1.0000
5	18	18	0.6427	2.3141
5	19	5	0.0991	0.3958
5	19	8	0.2452	1.0000
5	19	9	0.3016	1.0000
5	19	18	0.5173	2.0628
5	20	5	0.0000	0.0000
5	20	8	0.2321	1.0000
5	20	18	1.0817	4.5542
6	1	3	2.3291	10.0000
6	1	18	2.2362	10.0000
6	2	4	0.0000	0.0000
6	2	6	0.0000	0.0000
6	2	16	0.1969	1.0000
6	3	8	2.3419	13.0000
6	3	14	1.0741	3.4908
6	3	16	0.3240	2.0000
6	4	1	0.0000	0.0000
6	4	2	0.0000	0.0000
6	4	3	0.0000	0.0000
6	4	4	0.0000	0.0000
6	4	5	0.5683	2.7502
6	4	6	0.0000	0.0000
6	4	7	0.0000	0.0000
6	4	8	0.0000	0.0000
6	4	9	0.0000	0.0000
6	4	10	0.0000	0.0000
6	4	11	0.0000	0.0000
6	4	12	0.0000	0.0000
6	4	13	0.0000	0.0000
6	4	14	0.0000	0.0000
6	4	15	0.0000	0.0000
6	4	16	0.0000	0.0000
6	4	17	0.0000	0.0000
6	4	18	0.0000	0.0000
6	4	19	0.0000	0.0000
6	4	20	0.0000	0.0000
6	5	1	4.4070	30.0000
6	5	14	67.0325	226.0000
6	6	18	0.3414	1.8410
6	7	4	0.1504	1.0000
6	7	13	3.1826	12.0000
6	7	17	0.2555	1.0000
6	8	14	0.0000	0.0000
6	8	15	20.3434	93.0000
6	9	4	0.1533	1.0000
6	9	10	0.0000	0.0000
6	9	19	0.0000	0.0000
6	9	20	0.0000	0.0000
6	11	2	0.0000	0.0000
6	11	3	53.0549	310.0000
6	11	4	0.2500	2.0000
6	11	10	0.0000	0.0000
6	11	13	2.7069	12.0000
6	12	14	0.2926	1.0000
6	13	9	0.7813	3.0000
6	13	18	0.2144	1.0000
6	14	11	1.1319	3.0000
6	15	17	0.2994	1.1202
6	15	19	0.2632	1.0000
6	16	6	0.3132	1.0000
6	17	11	0.0000	0.0000
6	17	16	0.0000	0.0000
6	17	18	0.1767	1.0000
6	17	19	0.2291	1.0000
6	18	3	0.2453	1.0000
6	18	11	18.9723	71.0000
6	18	12	1.8070	6.0000
6	18	14	0.7539	2.0000
6	19	1	0.1770	1.0000
6	19	5	0.8446	4.0000
6	19	7	131.4475	484.0000
6	19	11	28.9150	120.0000
6	19	18	0.2116	1.0000
6	20	18	3.9966	20.0000
7	1	11	1.9074	10.0000
7	1	19	0.2543	1.1761
7	2	4	0.0000	0.0000
7	2	6	0.0000	0.0000
7	2	8	0.1616	1.0000
7	2	9	4.0802	20.0000
7	2	16	0.1450	1.0000
7	2	19	0.2157	1.0000
7	3	1	0.2231	2.0000
7	3	3	0.5669	4.0000
7	3	5	0.2703	2.0000
7	3	6	0.2483	1.0000
7	3	7	0.7149	4.0000
7	3	8	0.1319	1.0000
7	3	9	0.6726	4.0000
7	3	10	0.1363	1.0000
7	3	11	0.3127	2.0000
7	3	12	0.8982	5.0000
7	3	13	0.3778	2.0000
7	3	14	1.3131	5.5839
7	3	16	0.3539	3.0000
7	3	17	0.5440	3.0000
7	3	19	0.3564	2.0000
7	3	20	0.8066	4.0000
7	4	4	0.1164	1.0000
7	6	15	1.0673	7.0000
7	6	18	0.5177	3.8052
7	7	18	4.1694	29.0000
7	7	19	0.3773	2.0000
7	8	6	5.5300	21.0000
7	8	8	0.1413	1.0000
7	8	12	0.1916	1.0000
7	8	14	32.3254	129.4652
7	9	8	0.2857	2.0000
7	9	10	0.0000	0.0000
7	9	19	0.0000	0.0000
7	9	20	0.0000	0.0000
7	10	8	0.1074	1.0000
7	10	20	0.1667	1.0000
7	11	2	0.0000	0.0000
7	11	10	0.0000	0.0000
7	11	15	6.9708	52.0000
7	11	17	0.1608	1.0000
7	11	19	0.1580	1.0000
7	12	2	0.1954	1.0000
7	12	4	1.1532	12.0000
7	12	7	0.1684	1.0000
7	12	8	0.1239	1.0000
7	12	10	0.1280	1.0000
7	12	12	0.1693	1.0000
7	12	14	0.4449	2.0000
7	12	18	0.1272	1.0000
7	12	19	0.3359	2.0000
7	13	7	0.2078	1.0000
7	13	8	0.1548	1.0000
7	13	11	0.3651	2.0000
7	14	5	0.2611	1.0000
7	14	9	0.3138	1.0000
7	14	10	0.5261	2.0000
7	14	12	0.3313	1.0000
7	14	13	0.6901	2.0000
7	14	16	0.4645	2.0000
7	14	17	1.0014	3.0000
7	14	19	0.3291	1.0000
7	15	17	1.6000	7.9399
7	16	3	0.1362	1.0000
7	16	12	0.1730	1.0000
7	17	1	0.4255	4.0000
7	17	3	1.2182	9.0000
7	17	11	0.0000	0.0000
7	17	16	0.7773	6.9071
7	18	8	0.1715	1.0000
7	19	8	0.1526	1.0000
7	19	16	21.3444	156.0000
7	19	17	0.4159	2.0000
7	20	12	0.3891	2.0000
8	1	3	0.0000	0.0000
8	1	15	0.3215	1.0000
8	1	18	4.1040	14.0000
8	1	19	1.7016	4.6650
8	2	1	0.4977	2.0000
8	2	3	0.0000	0.0000
8	2	4	0.0000	0.0000
8	2	6	0.0000	0.0000
8	2	13	0.3807	1.0000
8	2	15	0.6415	2.0000
8	2	16	0.5218	2.0000
8	2	19	0.3640	1.0000
8	3	3	1.4957	5.8480
8	3	9	1.4806	5.0000
8	3	14	0.0000	0.0000
8	3	16	0.4355	2.0000
8	4	3	0.0000	0.0000
8	5	3	0.4227	1.7190
8	5	15	45.1717	173.0000
8	5	18	0.7087	3.0000
8	5	19	3.8981	13.0000
8	6	3	0.0000	0.0000
8	6	18	0.1148	0.4650
8	7	1	0.0000	0.0000
8	7	2	0.0000	0.0000
8	7	3	0.0000	0.0000
8	7	4	0.0147	0.0723
8	7	5	0.0000	0.0000
8	7	6	0.0000	0.0000
8	7	7	0.0079	0.0241
8	7	8	0.7090	2.7996
8	7	9	0.0000	0.0000
8	7	10	1.4448	5.5485
8	7	11	0.0000	0.0000
8	7	12	0.0000	0.0000
8	7	13	0.0000	0.0000
8	7	14	1.5303	3.7611
8	7	15	0.0000	0.0000
8	7	16	0.0000	0.0000
8	7	17	0.9769	2.9536
8	7	18	0.0000	0.0000
8	7	19	0.0000	0.0000
8	7	20	0.0000	0.0000
8	8	3	0.0000	0.0000
8	8	4	4.0938	20.0000
8	8	14	0.0000	0.0000
8	8	20	0.3627	1.0000
8	9	1	0.0000	0.0000
8	9	2	0.0000	0.0000
8	9	3	0.0000	0.0000
8	9	4	0.0000	0.0000
8	9	5	0.0000	0.0000
8	9	6	0.0000	0.0000
8	9	7	0.0000	0.0000
8	9	8	0.0000	0.0000
8	9	9	0.0000	0.0000
8	9	10	0.0000	0.0000
8	9	11	0.0000	0.0000
8	9	12	0.0000	0.0000
8	9	13	0.0000	0.0000
8	9	14	0.0000	0.0000
8	9	15	0.0000	0.0000
8	9	16	0.0000	0.0000
8	9	17	0.0000	0.0000
8	9	18	0.0000	0.0000
8	9	19	0.0000	0.0000
8	9	20	0.0000	0.0000
8	10	3	0.0000	0.0000
8	10	4	0.3169	2.0000
8	10	5	0.2047	1.0000
8	10	8	0.2003	1.0000
8	10	12	0.2652	1.0000
8	10	15	0.2277	1.0000
8	10	19	0.2633	1.0000
8	10	20	0.2939	1.0000
8	11	2	0.0000	0.0000
8	11	3	0.1349	0.5885
8	11	10	0.0000	0.0000
8	12	3	0.2310	0.9531
8	12	10	0.2341	1.0000
8	12	14	1.8661	5.0000
8	12	15	0.2574	1.0000
8	12	18	0.2328	1.0000
8	13	3	0.0000	0.0000
8	13	17	1.4286	4.0000
8	14	3	0.0000	0.0000
8	14	15	0.4573	1.0000
8	15	1	1.3766	6.0000
8	15	3	0.0363	0.1291
8	15	4	0.2132	1.0000
8	15	12	10.5961	31.0000
8	15	17	0.8650	2.5116
8	16	3	0.0000	0.0000
8	16	4	0.1851	1.0000
8	16	11	0.2692	1.0000
8	16	15	0.2624	1.0000
8	17	1	0.9927	5.0000
8	17	3	0.0000	0.0000
8	17	11	0.0000	0.0000
8	17	16	1.2407	5.9420
8	18	3	0.0000	0.0000
8	18	14	0.4656	1.0000
8	19	3	0.0000	0.0000
8	19	10	3.6424	13.0000
8	19	15	0.3062	1.0000
8	20	3	0.1208	0.4395
8	20	8	0.2587	1.0000
8	20	15	0.2912	1.0000
8	20	16	0.4698	2.0000
8	20	18	4.7605	18.0000
8	20	19	11.3004	34.0000
9	1	19	0.4109	1.9452
9	2	2	0.2431	1.0000
9	2	4	1.0381	8.4196
9	2	6	0.0000	0.0000
9	2	10	0.1627	1.0000
9	2	16	0.1414	1.0000
9	3	14	0.0000	0.0000
9	3	16	0.2299	2.0000
9	5	11	0.1458	1.0000
9	5	14	0.2207	1.0000
9	5	16	0.1097	1.0000
9	6	1	0.0513	0.4700
9	6	2	0.4224	2.0807
9	6	3	0.0000	0.0000
9	6	4	1.2846	12.8050
9	6	5	0.0000	0.0000
9	6	6	0.0000	0.0000
9	6	7	0.0000	0.0000
9	6	8	0.0000	0.0000
9	6	9	1.2723	7.7215
9	6	10	0.0000	0.0000
9	6	11	0.4546	2.9680
9	6	12	0.8903	5.0559
9	6	13	0.0000	0.0000
9	6	14	0.0000	0.0000
9	6	15	0.7333	4.9316
9	6	16	0.4033	3.4931
9	6	17	0.0000	0.0000
9	6	18	0.0777	0.5859
9	6	19	1.8425	10.5471
9	6	20	0.0000	0.0000
9	7	9	0.1738	1.0000
9	7	19	0.5524	3.0000
9	8	7	5.9561	32.0000
9	8	10	0.1422	1.0000
9	8	12	0.1871	1.0000
9	8	14	0.8257	3.3815
9	8	18	0.1413	1.0000
9	9	10	0.0000	0.0000
9	9	19	0.0000	0.0000
9	9	20	0.7142	3.3707
9	11	2	0.0921	0.5126
9	11	7	0.3091	2.0000
9	11	10	0.0000	0.0000
9	12	1	0.2037	2.0000
9	12	5	0.1237	1.0000
9	12	8	0.1207	1.0000
9	12	10	0.1248	1.0000
9	12	16	0.1078	1.0000
9	12	17	0.1668	1.0000
9	12	18	0.1240	1.0000
9	12	20	0.1858	1.0000
9	13	10	0.1558	1.0000
9	13	12	0.2039	1.0000
9	13	16	0.1353	1.0000
9	14	18	42.2321	165.0000
9	15	14	0.2538	1.0000
9	15	17	0.0000	0.0000
9	16	4	1.0538	11.0000
9	16	6	0.2345	1.0000
9	16	18	1.7757	14.0000
9	17	1	0.4143	4.0000
9	17	11	0.0000	0.0000
9	17	13	0.1765	1.0000
9	17	16	0.5706	5.2059
9	18	4	0.2624	2.0000
9	18	10	0.1726	1.0000
9	18	14	1.1558	4.0000
9	18	17	0.2265	1.0000
9	19	2	11.3152	49.0000
9	19	9	1.5095	8.0000
9	20	19	0.3769	2.0000
10	1	3	0.5305	2.0000
10	1	5	0.2546	1.0000
10	1	16	0.2263	1.0000
10	1	19	0.9573	2.9763
10	2	1	0.2148	1.0000
10	2	4	0.0000	0.0000
10	2	6	0.0000	0.0000
10	3	14	0.0000	0.0000
10	3	15	0.2352	1.0000
10	3	16	0.1869	1.0000
10	4	5	114.2140	483.0000
10	4	16	0.6287	3.0000
10	5	16	0.1791	1.0000
10	6	12	90.0414	328.0000
10	6	18	0.0490	0.2299
10	7	16	105.7733	535.0000
10	8	14	0.0000	0.0000
10	9	10	0.0000	0.0000
10	9	16	0.4026	2.0000
10	9	19	0.0000	0.0000
10	9	20	0.0000	0.0000
10	10	16	0.1540	1.0000
10	11	2	0.0000	0.0000
10	11	10	0.0000	0.0000
10	11	16	0.1659	1.0000
10	12	1	0.1672	1.0000
10	12	2	0.2945	1.0000
10	12	4	0.1545	1.0000
10	12	16	0.5287	3.0000
10	12	19	0.2575	1.0000
10	14	1	2.2961	7.0000
10	15	17	0.2585	0.8543
10	17	11	0.0000	0.0000
10	17	16	0.2462	1.3761
10	17	17	1.8565	7.0000
10	17	20	38.4896	132.0000
10	18	14	0.8368	2.0000
10	18	16	0.2384	1.0000
10	19	8	5.6742	24.0000
10	19	16	0.4282	2.0000
10	19	18	0.2419	1.0000
11	1	10	0.2313	1.0000
11	1	19	0.5614	1.9191
11	2	1	0.3853	2.0000
11	2	4	0.0000	0.0000
11	2	6	0.0000	0.0000
11	3	10	20.6597	108.0000
11	3	14	1.1908	3.7746
11	4	20	0.6079	2.0000
11	6	1	1.2727	8.0000
11	6	2	0.2822	1.0000
11	6	3	0.1992	1.0000
11	6	15	0.2124	1.0000
11	6	18	0.3882	2.0326
11	6	19	0.2463	1.0000
11	7	19	18.8649	73.0000
11	8	6	0.6978	2.0000
11	8	12	0.5243	2.0000
11	8	14	0.0000	0.0000
11	8	18	0.4053	2.0000
11	9	10	0.0000	0.0000
11	9	19	0.0000	0.0000
11	9	20	0.0000	0.0000
11	10	10	111.2046	705.0001
11	10	16	0.4110	3.0000
11	11	2	0.0000	0.0000
11	11	10	0.0000	0.0000
11	11	20	0.2467	1.0000
11	12	3	0.1872	1.0000
11	12	7	0.2329	1.0000
11	12	11	0.2054	1.0000
11	15	17	0.2161	0.7872
11	16	1	3.9615	26.0000
11	17	1	0.4542	3.0000
11	17	6	0.3194	1.0000
11	17	11	0.0000	0.0000
11	17	16	0.2001	1.2527
11	17	20	1.0566	4.0000
11	18	8	0.2367	1.0000
11	18	14	0.7710	2.0000
11	18	19	1.8407	6.0000
11	18	20	0.3401	1.0000
11	19	17	1.4119	5.0000
11	20	5	14.1641	69.0000
12	1	1	0.5299	3.0077
12	1	2	0.3629	1.1794
12	1	4	0.4447	2.7301
12	1	5	0.4666	2.2201
12	1	6	0.1470	0.4083
12	1	7	0.1178	0.4354
12	1	8	0.2475	1.2034
12	1	9	0.5003	1.9534
12	1	10	0.0517	0.2440
12	1	11	0.2113	0.8807
12	1	12	0.4949	1.8218
12	1	13	0.0595	0.2094
12	1	14	0.1664	0.4841
12	1	15	0.0629	0.2693
12	1	16	0.4379	2.3603
12	1	17	0.0340	0.1240
12	1	18	0.4647	2.2065
12	1	19	0.2207	0.8182
12	1	20	0.9525	3.1663
12	2	4	0.0000	0.0000
12	2	6	0.0000	0.0000
12	2	12	0.8131	3.0000
12	2	16	120.6550	652.0000
12	2	19	0.2691	1.0000
12	3	10	0.1744	1.0000
12	3	14	0.0000	0.0000
12	3	16	7.8981	52.0000
12	4	1	15.7515	97.0000
12	4	4	0.1500	1.0000
12	5	4	0.8872	7.0000
12	5	11	3.0488	16.0000
12	6	18	0.6173	3.5446
12	7	9	0.2249	1.0000
12	7	12	0.2392	1.0000
12	8	12	0.2409	1.0000
12	8	14	0.0000	0.0000
12	8	20	0.2680	1.0000
12	9	1	0.8036	5.1644
12	9	2	0.6833	2.4672
12	9	3	0.0000	0.0000
12	9	4	0.5347	3.7232
12	9	5	0.0000	0.0000
12	9	6	1.2205	3.7380
12	9	7	0.0000	0.0000
12	9	8	0.3182	1.7442
12	9	9	1.6449	7.1885
12	9	10	0.0000	0.0000
12	9	11	0.0000	0.0000
12	9	12	0.0000	0.0000
12	9	13	0.0000	0.0000
12	9	14	0.1277	0.4105
12	9	15	0.0000	0.0000
12	9	16	0.0000	0.0000
12	9	17	0.0000	0.0000
12	9	18	0.0000	0.0000
12	9	19	0.0000	0.0000
12	9	20	0.0000	0.0000
12	10	17	3.4229	18.0000
12	11	2	0.0000	0.0000
12	11	10	0.0000	0.0000
12	12	1	0.1353	1.0000
12	12	2	0.2454	1.0000
12	12	5	0.9778	6.0000
12	12	8	0.3185	2.0000
12	13	3	44.5999	212.0000
12	14	12	0.3988	1.0000
12	15	17	0.7591	3.0056
12	15	20	2.2254	8.0000
12	16	15	0.1862	1.0000
12	16	17	0.2208	1.0000
12	16	18	0.8345	5.0000
12	17	11	0.0000	0.0000
12	17	16	0.3700	2.5493
12	17	17	0.2195	1.0000
12	20	7	0.9729	4.0000
13	1	14	11.4920	40.0000
13	1	19	0.2751	1.2425
13	2	4	0.0000	0.0000
13	2	6	0.0000	0.0000
13	2	13	1.1669	5.0000
13	2	16	0.1488	1.0000
13	2	19	0.4417	2.0000
13	3	8	0.1355	1.0000
13	3	13	0.5808	3.0000
13	3	14	0.6430	2.6718
13	3	16	0.1212	1.0000
13	4	12	87.5750	424.0000
13	4	15	0.1754	1.0000
13	5	13	0.1855	1.0000
13	5	16	0.2313	2.0000
13	5	19	0.1750	1.0000
13	6	18	0.1184	0.8479
13	7	7	41.2904	213.0000
13	7	19	0.5799	3.0000
13	8	1	0.3686	3.0000
13	8	6	0.8078	3.0000
13	8	14	1.1258	4.4078
13	8	15	0.1664	1.0000
13	8	16	126.0776	971.0000
13	9	10	0.0000	0.0000
13	9	19	0.3718	1.8887
13	9	20	0.5822	2.6218
13	10	10	0.1141	1.0000
13	10	16	0.3936	4.0000
13	10	19	0.4511	3.0000
13	11	2	0.2574	1.3639
13	11	10	0.0000	0.0000
13	11	13	0.1720	1.0000
13	12	9	8.1201	50.0000
13	12	15	0.2930	2.0000
13	12	17	0.1752	1.0000
13	12	19	0.1722	1.0000
13	13	14	0.2764	1.0000
13	13	19	0.4244	2.0000
13	14	3	1.9458	7.0000
13	14	5	0.2670	1.0000
13	15	9	1.5348	8.0000
13	15	13	0.2148	1.0000
13	15	17	0.6492	3.1448
13	15	19	0.2030	1.0000
13	16	1	3.5203	32.0000
13	16	3	0.1398	1.0000
13	16	18	0.8017	6.0000
13	16	19	0.1760	1.0000
13	17	1	0.1093	1.0000
13	17	11	0.0000	0.0000
13	17	16	0.3144	2.7196
13	17	19	0.5246	3.0000
13	18	14	0.3014	1.0000
13	18	19	0.2333	1.0000
13	19	13	0.2215	1.0000
13	19	17	0.6389	3.0000
13	19	19	0.2094	1.0000
13	20	19	1.5823	8.0000
14	1	1	1.9798	11.0000
14	1	16	0.0000	0.0000
14	1	19	0.2711	0.9861
14	2	4	0.0000	0.0000
14	2	6	0.0000	0.0000
14	2	7	0.5499	2.0000
14	2	16	0.0000	0.0000
14	3	8	0.1728	1.0000
14	3	14	0.0000	0.0000
14	3	16	0.0000	0.0000
14	3	18	3.1886	18.0000
14	4	2	2.3407	8.0000
14	4	8	0.3883	2.0000
14	4	16	0.0000	0.0000
14	5	16	0.0000	0.0000
14	5	17	0.2241	1.0000
14	6	16	0.0000	0.0000
14	6	18	0.0342	0.1924
14	7	16	0.0000	0.0000
14	7	19	0.2421	1.0000
14	8	14	0.0000	0.0000
14	8	16	0.0000	0.0000
14	9	1	2.2269	14.0000
14	9	10	0.0000	0.0000
14	9	16	0.0000	0.0000
14	9	19	0.0000	0.0000
14	9	20	0.0000	0.0000
14	10	6	19.8269	75.0000
14	10	16	0.0000	0.0000
14	11	2	0.1198	0.5061
14	11	10	0.0000	0.0000
14	11	16	0.0000	0.0000
14	12	10	0.1679	1.0000
14	12	15	5.0285	27.0000
14	12	16	0.0000	0.0000
14	13	1	0.3095	1.7980
14	13	2	0.3578	1.1857
14	13	3	0.0000	0.0000
14	13	4	0.3470	2.1812
14	13	5	0.6724	3.2712
14	13	6	0.0000	0.0000
14	13	7	0.1988	0.7505
14	13	8	0.2481	1.2337
14	13	9	0.0000	0.0000
14	13	10	0.0671	0.3241
14	13	11	0.0000	0.0000
14	13	12	0.9029	3.3926
14	13	13	0.9050	3.2510
14	13	14	0.2904	0.8606
14	13	15	0.7730	3.3813
14	13	16	0.0000	0.0000
14	13	17	0.2849	1.0615
14	13	18	0.2556	1.2409
14	13	19	1.3553	5.1288
14	13	20	0.3411	1.1564
14	14	10	0.6582	2.0000
14	14	12	0.4050	1.0000
14	14	14	1.4661	3.0000
14	14	16	0.0000	0.0000
14	15	16	0.0000	0.0000
14	15	17	0.4792	1.8606
14	15	19	0.2535	1.0000
14	16	16	0.0000	0.0000
14	17	1	0.1406	1.0000
14	17	7	0.2209	1.0000
14	17	11	0.0000	0.0000
14	17	16	0.0000	0.0000
14	18	15	32.1065	128.0000
14	18	16	0.0000	0.0000
14	19	6	0.3498	1.0000
14	19	16	0.0000	0.0000
14	20	16	0.0000	0.0000
15	1	3	59.7722	288.0000
15	1	8	0.0000	0.0000
15	1	19	0.5643	2.2047
15	2	1	0.1656	1.0000
15	2	2	0.2921	1.0000
15	2	4	0.0000	0.0000
15	2	6	0.0000	0.0000
15	2	8	0.0000	0.0000
15	2	16	0.1745	1.0000
15	2	19	0.2553	1.0000
15	3	8	0.0000	0.0000
15	3	14	0.3986	1.4382
15	3	18	0.6536	4.0000
15	4	8	0.0000	0.0000
15	5	8	0.0000	0.0000
15	5	15	0.3494	2.0000
15	5	17	0.2076	1.0000
15	5	18	46.2775	296.0000
15	6	2	0.2465	1.0000
15	6	5	0.1638	1.0000
15	6	8	0.0000	0.0000
15	6	9	0.2022	1.0000
15	6	10	0.3303	2.0000
15	6	18	0.1276	0.7775
15	7	7	0.2253	1.0000
15	7	8	0.0000	0.0000
15	8	8	0.0000	0.0000
15	8	14	0.0000	0.0000
15	9	8	0.0000	0.0000
15	9	10	0.0000	0.0000
15	9	19	0.0000	0.0000
15	9	20	0.0000	0.0000
15	10	8	0.0000	0.0000
15	10	15	0.3003	2.0000
15	11	2	0.0000	0.0000
15	11	8	0.0000	0.0000
15	11	10	0.0000	0.0000
15	12	4	0.1171	1.0000
15	12	8	0.0000	0.0000
15	12	16	0.1343	1.0000
15	12	17	0.2045	1.0000
15	13	8	0.0000	0.0000
15	14	1	0.7786	2.9772
15	14	2	0.0000	0.0000
15	14	4	0.4612	1.8923
15	14	5	0.8489	2.7753
15	14	6	0.1649	0.3420
15	14	7	0.0000	0.0000
15	14	8	0.0000	0.0000
15	14	9	0.0000	0.0000
15	14	10	0.0000	0.0000
15	14	11	0.7869	2.2926
15	14	12	0.7467	1.9555
15	14	13	0.2347	0.5918
15	14	14	0.0000	0.0000
15	14	16	12.4334	45.3925
15	14	17	0.0000	0.0000
15	14	18	0.0000	0.0000
15	14	19	0.0000	0.0000
15	14	20	0.9871	2.3725
15	15	8	0.0000	0.0000
15	15	17	0.0251	0.1048
15	16	8	0.0000	0.0000
15	17	1	0.6462	5.0000
15	17	7	27.0100	132.0000
15	17	8	0.0000	0.0000
15	17	11	0.0000	0.0000
15	17	16	0.0000	0.0000
15	18	8	0.0000	0.0000
15	18	14	0.6859	2.0000
15	18	15	34.7164	149.0000
15	19	8	0.0000	0.0000
15	19	14	41.5493	133.0000
15	20	8	0.0000	0.0000
16	1	1	0.1650	1.0000
16	1	3	0.4123	1.9989
16	1	5	0.7895	4.0000
16	1	14	0.0000	0.0000
16	1	18	0.1978	1.0000
16	1	19	0.1933	0.7595
16	1	20	0.2845	1.0000
16	2	1	0.8227	5.0000
16	2	2	0.2905	1.0000
16	2	3	0.4112	1.9985
16	2	4	0.0446	0.2933
16	2	5	0.1969	1.0000
16	2	6	0.0000	0.0000
16	2	9	0.4815	2.0000
16	2	10	0.1984	1.0000
16	2	14	0.2282	0.7015
16	2	16	0.1734	1.0000
16	2	19	0.2539	1.0000
16	3	3	0.3390	1.9986
16	3	10	0.3267	2.0000
16	3	14	0.7910	2.8704
16	3	16	59.3495	418.0000
16	3	19	0.4231	2.0000
16	3	20	0.7143	3.0000
16	4	1	0.3038	2.0000
16	4	4	0.1402	1.0000
16	4	7	0.2369	1.0000
16	4	12	0.4761	2.0000
16	4	14	0.2122	0.6958
16	4	18	54.0719	296.0000
16	4	19	0.2363	1.0000
16	5	1	0.1284	1.0000
16	5	3	28.8998	177.9985
16	5	5	0.1550	1.0000
16	5	11	0.1787	1.0000
16	5	14	0.0000	0.0000
16	5	17	0.6191	3.0000
16	5	18	0.1553	1.0000
16	5	20	0.2287	1.0000
16	6	4	0.2488	2.0000
16	6	14	0.0747	0.2701
16	6	18	0.9019	5.5310
16	6	19	0.2124	1.0000
16	6	20	0.7172	3.0000
16	7	3	1.0777	5.9990
16	7	10	0.1731	1.0000
16	7	17	0.2271	1.0000
16	7	19	0.4468	2.0000
16	7	20	0.2509	1.0000
16	8	1	0.1439	1.0000
16	8	2	20.4582	79.0000
16	8	4	14.8618	112.0000
16	8	8	0.3383	2.0000
16	8	9	140.1718	658.0000
16	8	12	0.4535	2.0000
16	8	13	0.2378	1.0000
16	8	14	0.0000	0.0000
16	8	15	0.1933	1.0000
16	8	19	0.2251	1.0000
16	8	20	0.2528	1.0000
16	9	1	0.4365	3.0000
16	9	3	0.5486	2.9983
16	9	4	0.1342	1.0000
16	9	5	0.3497	2.0000
16	9	7	0.4558	2.0000
16	9	9	0.4303	2.0000
16	9	10	0.0000	0.0000
16	9	11	0.2008	1.0000
16	9	12	0.4580	2.0000
16	9	13	0.4802	2.0000
16	9	14	0.1347	0.4578
16	9	15	0.3906	2.0000
16	9	17	0.4621	2.0000
16	9	18	0.5257	3.0000
16	9	19	0.0000	0.0000
16	9	20	2.3192	9.0884
16	10	1	0.1095	1.0000
16	10	3	0.4175	2.9988
16	10	5	0.1327	1.0000
16	10	8	0.1296	1.0000
16	10	10	0.1339	1.0000
16	10	11	0.1536	1.0000
16	10	12	0.1766	1.0000
16	10	13	0.1858	1.0000
16	10	14	0.0000	0.0000
16	10	16	0.1158	1.0000
16	10	17	0.1783	1.0000
16	10	18	0.2661	2.0000
16	10	19	0.3504	2.0000
16	11	2	0.0000	0.0000
16	11	3	0.1500	0.9990
16	11	6	0.5223	2.0000
16	11	8	0.1399	1.0000
16	11	10	0.0000	0.0000
16	11	12	0.1899	1.0000
16	11	14	0.3756	1.5171
16	11	15	18.8071	117.0000
16	11	16	0.1252	1.0000
16	11	18	0.1436	1.0000
16	11	19	0.1884	1.0000
16	12	3	0.1595	0.9987
16	12	4	0.1163	1.0000
16	12	5	0.1525	1.0000
16	12	8	0.1489	1.0000
16	12	11	0.3517	2.0000
16	12	13	0.2115	1.0000
16	12	14	1.0864	4.1556
16	12	15	0.1708	1.0000
16	12	18	0.1528	1.0000
16	12	19	0.1998	1.0000
16	12	20	0.2253	1.0000
16	13	3	0.7899	3.9985
16	13	6	0.3299	1.0000
16	13	8	0.1848	1.0000
16	13	10	0.1905	1.0000
16	13	14	1.4831	4.7186
16	13	17	0.2483	1.0000
16	13	19	0.2443	1.0000
16	14	1	0.0000	0.0000
16	14	2	0.0000	0.0000
16	14	3	0.1253	0.3966
16	14	4	0.0000	0.0000
16	14	5	0.0000	0.0000
16	14	6	0.0000	0.0000
16	14	7	0.5591	1.4772
16	14	8	0.0000	0.0000
16	14	9	0.0000	0.0000
16	14	10	0.0000	0.0000
16	14	11	0.0000	0.0000
16	14	12	0.0000	0.0000
16	14	13	0.0000	0.0000
16	14	14	0.0000	0.0000
16	14	15	0.0000	0.0000
16	14	16	0.0000	0.0000
16	14	17	0.0000	0.0000
16	14	18	0.0000	0.0000
16	14	19	0.0000	0.0000
16	14	20	0.0000	0.0000
16	15	1	0.1504	1.0000
16	15	4	0.1387	1.0000
16	15	11	0.2071	1.0000
16	15	13	16.8093	68.0000
16	15	14	1.3065	4.3208
16	15	17	0.6195	2.6036
16	15	18	0.1809	1.0000
16	15	20	0.2626	1.0000
16	16	1	0.3185	2.4651
16	16	2	58.1678	246.7847
16	16	3	0.5163	3.1621
16	16	4	0.4791	4.0274
16	16	5	0.1258	0.8070
16	16	6	0.0391	0.1392
16	16	7	0.0314	0.1534
16	16	8	0.5755	3.7796
16	16	9	0.2744	1.4231
16	16	10	0.4470	2.8441
16	16	11	0.0547	0.3045
16	16	12	1.4872	7.2339
16	16	13	0.1770	0.8199
16	16	14	0.0157	0.0588
16	16	15	0.5046	2.8909
16	16	16	0.0019	0.0136
16	16	17	0.1427	0.6880
16	16	18	0.5914	3.7863
16	16	19	1.0311	5.0542
16	16	20	0.0000	0.0000
16	17	1	0.2567	2.0000
16	17	3	0.4865	2.9986
16	17	5	0.1549	1.0000
16	17	8	0.1513	1.0000
16	17	10	0.1562	1.0000
16	17	11	0.0000	0.0000
16	17	12	0.4087	2.0000
16	17	13	0.2146	1.0000
16	17	14	1.3049	4.9235
16	17	16	0.3995	2.9458
16	17	19	0.4056	2.0000
16	18	1	0.1746	1.0000
16	18	3	0.4350	1.9988
16	18	5	0.2083	1.0000
16	18	8	0.4077	2.0000
16	18	14	0.0851	0.2495
16	18	20	0.2985	1.0000
16	19	1	0.3109	2.0000
16	19	3	146.7764	752.9981
16	19	4	0.4305	3.0000
16	19	7	0.7257	3.0000
16	19	10	0.1879	1.0000
16	19	12	0.2431	1.0000
16	19	14	0.6892	2.2180
16	19	15	0.2079	1.0000
16	20	3	0.1837	0.9988
16	20	4	0.2697	2.0000
16	20	13	0.2412	1.0000
16	20	14	0.6430	2.1758
16	20	15	0.3925	2.0000
16	20	18	0.3522	2.0000
16	20	19	0.2284	1.0000
16	20	20	1.5380	6.0000
17	1	17	3.5240	11.0000
17	2	4	0.0000	0.0000
17	2	6	0.0000	0.0000
17	2	13	47.9520	145.0000
17	2	16	0.2210	1.0000
17	3	1	0.5207	3.0000
17	3	12	0.5363	2.0000
17	3	14	0.5047	1.4860
17	3	15	7.3730	32.0000
17	3	16	0.1828	1.0000
17	4	1	0.0000	0.0000
17	4	2	1.5548	4.6429
17	4	3	1.2543	5.1915
17	4	4	0.3895	2.1566
17	4	5	0.0000	0.0000
17	4	6	0.0495	0.1272
17	4	7	0.0000	0.0000
17	4	8	0.0744	0.3279
17	4	9	0.0000	0.0000
17	4	10	0.0000	0.0000
17	4	11	0.0000	0.0000
17	4	12	0.0000	0.0000
17	4	13	29.2355	94.2898
17	4	14	0.0000	0.0000
17	4	15	0.6606	2.5741
17	4	16	0.0000	0.0000
17	4	17	0.0000	0.0000
17	4	18	0.0000	0.0000
17	4	19	0.0000	0.0000
17	4	20	0.0000	0.0000
17	6	18	0.0000	0.0000
17	7	3	0.2285	1.0000
17	7	10	7.2791	33.0000
17	8	1	0.5557	3.0000
17	8	14	0.0000	0.0000
17	8	18	0.4419	2.0000
17	9	10	0.0000	0.0000
17	9	19	0.0000	0.0000
17	9	20	0.0000	0.0000
17	10	4	0.6572	5.0000
17	10	19	0.2232	1.0000
17	11	1	0.7688	5.0000
17	11	2	0.0000	0.0000
17	11	10	0.0000	0.0000
17	11	11	116.7277	552.0000
17	12	3	0.2045	1.0000
17	12	4	0.1510	1.0000
17	12	20	0.2823	1.0000
17	13	12	0.3063	1.0000
17	13	14	2.6786	7.0000
17	14	3	0.3846	1.0000
17	14	6	3.3331	6.0000
17	15	3	0.2394	1.0000
17	15	10	0.6937	3.0000
17	15	17	0.3339	1.1246
17	17	1	0.1661	1.0000
17	17	2	0.5855	2.0000
17	17	5	23.6330	119.0000
17	17	11	0.0000	0.0000
17	17	16	0.4822	2.7551
17	18	10	76.4086	289.0000
17	18	20	0.7304	2.0000
17	19	3	0.7399	3.0000
17	19	8	37.9801	164.0000
17	20	1	0.1881	1.0000
17	20	4	0.1741	1.0000
17	20	9	0.2716	1.0000
17	20	12	0.2878	1.0000
17	20	15	0.2482	1.0000
18	1	19	0.3123	1.1987
18	2	2	0.2970	1.0000
18	2	4	0.0000	0.0000
18	2	5	0.2019	1.0000
18	2	6	4.0557	11.6403
18	2	20	0.2903	1.0000
18	3	12	0.2185	1.0000
18	3	14	0.3950	1.4011
18	3	16	0.2918	2.0000
18	4	5	0.1871	1.0000
18	5	1	4.0928	31.0000
18	5	7	0.4173	2.0000
18	6	7	2.4021	11.0000
18	6	17	0.2214	1.0000
18	6	18	0.9653	5.7655
18	7	4	0.6762	5.0000
18	7	8	0.1722	1.0000
18	7	19	0.2289	1.0000
18	8	12	0.2323	1.0000
18	8	14	0.0000	0.0000
18	8	15	1.1897	6.0000
18	9	10	0.0000	0.0000
18	9	11	0.4119	2.0000
18	9	19	0.0000	0.0000
18	9	20	1.0044	3.8447
18	10	8	1.5985	12.0000
18	10	19	0.1798	1.0000
18	11	1	0.1218	1.0000
18	11	2	7.4352	33.2279
18	11	10	0.0000	0.0000
18	11	12	3.5061	18.0000
18	11	16	0.5149	4.0000
18	11	20	0.8727	4.0000
18	12	1	0.1298	1.0000
18	12	4	0.1195	1.0000
18	12	12	26.8439	130.0000
18	13	20	14.2751	51.0000
18	15	6	0.3246	1.0000
18	15	19	0.2399	1.0000
18	15	20	0.2688	1.0000
18	17	1	0.2639	2.0000
18	17	11	0.0000	0.0000
18	17	15	0.1781	1.0000
18	17	16	0.6519	4.6780
18	19	18	2.8745	15.0000
18	19	20	0.2766	1.0000
18	20	5	0.7214	4.0000
19	1	2	0.2628	1.0000
19	1	19	0.0249	0.1091
19	2	4	0.0000	0.0000
19	2	6	0.8954	2.8861
19	2	16	0.4622	3.0000
19	2	17	3.7079	16.0000
19	2	18	5.8019	33.0000
19	3	1	0.9385	7.8986
19	3	2	0.2418	1.1045
19	3	3	1.0405	6.9079
19	3	4	0.0000	0.0000
19	3	5	0.0000	0.0000
19	3	6	0.4379	1.6726
19	3	7	0.0000	0.0000
19	3	8	0.1231	0.8769
19	3	9	0.9603	5.3837
19	3	10	1.5792	10.8967
19	3	11	0.0000	0.0000
19	3	12	0.0000	0.0000
19	3	13	0.5238	2.6174
19	3	14	0.0000	0.0000
19	3	15	0.4283	2.6568
19	3	16	0.0000	0.0000
19	3	17	0.4894	2.5466
19	3	18	0.8626	5.9896
19	3	19	0.0000	0.0000
19	3	20	0.0000	0.0000
19	4	6	0.2903	1.0000
19	5	4	0.8343	8.0000
19	6	4	0.1098	1.0000
19	6	18	0.2137	1.4775
19	7	18	0.1528	1.0000
19	8	4	0.1172	1.0000
19	8	6	0.2774	1.0000
19	8	8	0.4505	3.0000
19	8	11	0.1772	1.0000
19	8	12	2.8408	14.0000
19	8	13	0.2131	1.0000
19	8	14	1.5130	5.7462
19	8	16	87.1958	648.0001
19	9	3	1.3022	8.0000
19	9	6	0.2800	1.0000
19	9	10	0.0000	0.0000
19	9	19	0.0000	0.0000
19	9	20	0.0000	0.0000
19	10	20	1.4146	8.0000
19	11	2	0.0000	0.0000
19	11	10	0.0000	0.0000
19	11	12	0.1691	1.0000
19	11	15	0.1426	1.0000
19	11	18	0.1270	1.0000
19	12	7	0.1787	1.0000
19	12	9	0.1681	1.0000
19	12	10	0.2725	2.0000
19	14	7	0.3459	1.0000
19	15	7	0.2103	1.0000
19	15	17	0.2122	0.9948
19	16	6	0.2531	1.0000
19	16	8	0.2698	2.0000
19	16	15	0.1551	1.0000
19	17	6	0.5033	2.0000
19	17	11	0.0000	0.0000
19	17	16	0.0600	0.5007
19	17	18	0.1376	1.0000
19	18	4	0.1431	1.0000
19	18	6	0.3256	1.0000
19	18	11	0.2132	1.0000
19	18	14	0.3101	1.0000
19	18	16	0.1636	1.0000
19	18	17	0.2446	1.0000
19	18	20	0.2697	1.0000
19	19	1	0.2492	1.8088
19	19	2	0.0000	0.0000
19	19	3	0.3919	2.2565
19	19	4	1.1302	8.9020
19	19	5	0.5830	3.5146
19	19	6	0.0561	0.1896
19	19	7	1.3514	6.2296
19	19	8	0.7227	4.4581
19	19	9	0.7583	3.7054
19	19	10	0.4335	2.5916
19	19	11	1.4240	7.4613
19	19	12	0.0000	0.0000
19	19	13	0.3499	1.5302
19	19	14	0.1166	0.4145
19	19	15	0.8694	4.6860
19	19	16	0.5743	3.9479
19	19	17	0.0563	0.2558
19	19	18	0.0000	0.0000
19	19	19	1.4995	6.9313
19	19	20	1.0723	4.4073
19	20	10	0.1575	1.0000
19	20	16	0.1368	1.0000
20	1	19	0.0542	0.1945
20	2	1	0.1823	1.0000
20	2	2	0.3167	1.0000
20	2	4	0.0000	0.0000
20	2	6	0.0000	0.0000
20	2	17	0.2823	1.0000
20	3	14	0.0000	0.0000
20	3	16	0.3156	2.0000
20	4	7	5.4627	21.0000
20	4	17	2.8989	11.0000
20	5	16	11.0183	73.0000
20	6	7	33.5463	143.0000
20	6	18	0.6820	3.7737
20	6	20	0.2624	1.0000
20	7	3	0.1987	1.0000
20	7	5	0.3801	2.0000
20	7	16	0.1673	1.0000
20	7	19	0.2457	1.0000
20	8	14	0.0000	0.0000
20	8	16	5.2267	31.0000
20	8	19	0.4949	2.0000
20	8	20	0.2769	1.0000
20	9	10	0.0000	0.0000
20	9	19	0.5599	2.2411
20	9	20	0.0000	0.0000
20	10	13	1.4371	7.0000
20	10	18	0.1480	1.0000
20	11	1	0.1321	1.0000
20	11	2	0.0366	0.1525
20	11	4	0.1216	1.0000
20	11	9	1.9676	10.0000
20	11	10	0.9764	6.0820
20	11	11	0.1834	1.0000
20	11	12	0.2097	1.0000
20	11	14	0.2714	1.0000
20	11	15	0.1782	1.0000
20	11	19	0.2081	1.0000
20	12	4	0.1296	1.0000
20	12	6	18.6597	62.0000
20	12	10	0.1706	1.0000
20	12	12	0.2221	1.0000
20	12	17	0.2241	1.0000
20	13	13	7.3380	26.0000
20	13	15	1.6240	7.0000
20	15	1	3.0049	18.0000
20	15	14	0.6584	2.0000
20	15	17	0.0248	0.0951
20	16	1	0.1438	1.0000
20	16	4	0.1326	1.0000
20	16	9	0.2129	1.0000
20	16	14	0.5829	2.0000
20	16	15	0.1932	1.0000
20	16	16	0.1518	1.0000
20	16	18	0.5198	3.0000
20	16	19	0.2249	1.0000
20	17	1	0.4287	3.0000
20	17	11	0.0000	0.0000
20	17	16	0.5560	3.6864
20	18	19	0.5852	2.0000
20	18	20	0.3251	1.0000
20	19	11	0.2353	1.0000
20	20	13	0.2646	1.0000
